1	00134f48-fdc1-48d9-b2fc-725d8967e14e	Situations	600x341 jpeg	Hva bør du være spesielt oppmerksom på når du kjører på en smal vei med tett vegetasjon som denne?
2	006c27b6-d9eb-439c-8e5d-6fca806b8d0f	Situations	900x689 jpeg	Du kjører bil A. Motorsykkel C er foran deg i samme kjørefelt. Hvordan bør du forholde deg til motor
3	01314fc9-f4f1-4253-b716-1049e678164f	Speed Limits	600x396 jpeg	Hvorfor må vi ha fartsgrenser?
4	013cf7d8-34fe-4f41-a37b-674345e4aedd	Right of Way	600x386 jpeg	Du kjører bak denne bussen på en vei hvor fartsgrensen er 50 km/t. Bussen signaliserer med venstre b
5	0177c77c-c4b2-4c5e-82c3-e31e6664122a	Situations	800x535 jpeg	Du kjører på en vei med grønt lys og ser fotgjengere på venstre side. Hva er viktigst for å få god o
6	0178fb2a-0efc-486c-8ee8-f6e0a9c5d381	Road Rules	800x454 jpeg	Du skal svinge til venstre i et ukontrollert kryss som dette. Hvordan plasserer du bilen før svingen
7	0237e1c9-60f7-43ca-ac49-ad8e6a986126	Traffic Signs	900x641 jpeg	Hva betyr det gule skiltet med oransje firkant som du ser på høyre side av veien?
8	0277302a-0666-445d-a366-e7d79d1820d0	Road Conditions	418x272 jpeg	Hva kjennetegner sjåfører av turistbusser som dette kjøretøyet?
9	02fe240e-fdd7-47ee-a26c-cc839bc01464	Road Rules	800x600 jpeg	Hva er forskjellen mellom en kjørefeltlinje og en sperrelinje, og hvilke konsekvenser har det for di
10	0328e254-d25c-4534-9295-5e6d42735a65	Right of Way	600x401 jpeg	Hvem har vikeplikt i rundkjøring?
11	046ee9c4-1fa1-4a70-9943-6cfe3eabddd7	Traffic Signs	600x294 jpeg	Hva betyr det runde skiltet med rød ring og traktor som er krysset ut?
12	04813a0c-89bb-41bb-bbfa-2c3fb82d1f07	Road Rules	198x130 jpeg	Hva må være oppfylt før du kan øvingskjøre privat med en ledsager?
13	04948eb8-2e3c-45af-b1b5-9f2ebcf71ff9	Road Conditions	600x400 jpeg	Du har en app på telefonen som varsler om fotobokser. Er det lovlig å bruke denne appen mens du kjør
14	04a067d2-0586-450c-bebd-5ff81ef7d068	Safety	434x288 jpeg	Hvorfor er det viktig å forstå sammenhengen mellom ballspill og bilkjøring?
15	04e8d495-83de-4541-b1d1-d7c016340d81	Road Conditions	600x457 jpeg	Hva indikerer varsellampe A (gult utropstegn i dekksymbol)?
16	04f0d4db-76cb-4f3b-a3d4-448e5bdb8cc2	Road Rules	799x600 jpeg	Du kjører på en smal fjellvei og må stoppe for å slippe møtende trafikk. Er det tillatt å stoppe ret
17	05c3d95c-5db8-4a86-9f64-68ee1680ddaa	Traffic Rules	600x400 jpeg	Når er det tillatt å kjøre forbi på høyre side?
18	064d0fbe-8e26-4601-9291-9f7a81b2e032	Right of Way	800x599 jpeg	Du ser dette skiltet på veien. Hva betyr skiltet og hvordan bør du tilpasse kjøringen?
19	06874550-b019-4c7b-b6ea-b5d1179c8bba	Road Rules	800x535 jpeg	En sjåfør stopper bilen sin ved fortauskanten for å vente på en passasjer som skal komme om 5 minutt
20	068813c4-d86c-4ce7-b510-2941e0d4d47f	Road Conditions	795x135 jpeg	Du har kun lovpålagt trafikkforsikring og kolliderer med en annen bil. Hva dekker forsikringen din I
21	06f7670f-8177-41a3-b215-1190c02ef22e	Driving Conditions	800x600 jpeg	Bildet viser en vei med fartsgrense 60 km/t. Hvordan påvirker jevn fart uten unødvendig akselerasjon
22	076b28e7-780e-453a-9578-c45a836ba91b	Traffic Signs	800x600 jpeg	Hvorfor brukes ulike former og farger på trafikkskilt, slik som det gule veiviserskiltet og det trek
23	07a9513d-894b-456d-a9f3-38e82c59045d	Driving Conditions	800x600 jpeg	Hvordan påvirker farten drivstofforbruket når du kjører på en vei som denne?
24	0808692d-e756-4cfe-b966-27d93c01387c	Right of Way	600x524 jpeg	Du ser dette skiltet og nærmer deg krysset. En bil kommer fra sideveien til høyre. Hvem har vikeplik
25	08408a8a-4d85-4173-a191-027bac300ff1	Traffic Signs	799x600 jpeg	Hva betyr det at trafikkskilt har ulik form og farge?
26	0846664c-4a58-45b1-8bfa-90dd6a5ffd7c	Road Rules	460x445 jpeg	En sjåfør blir stoppet av politiet og har 0,18 promille alkohol i blodet. Han visste ikke at han for
27	084cb40d-fdbe-4a17-b5aa-79ed7865cb0f	Traffic Rules	475x347 jpeg	Hvor nært et veikryss er det tillatt å parkere?
28	08566497-5bd8-4ec7-95be-51247dce5dfb	Safety	800x600 jpeg	En bilist irriterer deg ved å kjøre veldig sakte foran deg. Hvordan bør du håndtere situasjonen base
29	0876d1ac-291a-4096-8d29-aee5f244e75c	Road Rules	600x800 jpeg	I en sone med dette skiltet, hvem har vikeplikt?
30	08f98a9f-74d6-4887-82a5-e1223e802f07	Situations	900x667 jpeg	Du nærmer deg en person som leier to hester på veien i vintervær. Hva bør du gjøre?
31	098d0859-ca11-48ef-9814-71323ad3653e	Road Rules	198x130 jpeg	Hva innebærer bilføreransvaret når du kjører bil i Norge?
32	09afea30-3376-4066-a930-49402b54c3e7	Situations	800x600 jpeg	Du kjører i et boligområde som dette. Hva bør du være spesielt oppmerksom på?
33	0a2804ae-ddc9-4d7e-80c9-6b92fc155122	Driving Conditions	600x400 jpeg	En kommune ønsker å innføre piggdekkgebyr i sentrum. Hva kreves for å gjennomføre dette?
34	0a848a4f-a109-41f5-8f9b-da7ccaf03110	Speed Limits	800x600 jpeg	Du kjører inn i et område med dette skiltet på begge sider av veien. Hva er fartsgrensen, og hvor gj
35	0af7fc25-103c-4a09-8436-da8acf2393c0	Road Rules	557x251 jpeg	Du har nettopp fått førerkort for personbil. Hvor lenge gjelder føreretten din i utgangspunktet?
36	0afa72fb-0fde-4536-83e5-fc00c6ec1dc3	Right of Way	600x450 jpeg	Hvordan skal du kjøre inn i en rundkjøring?
37	0b24b59d-83b3-42e3-bc4d-b7466c3a076a	Traffic Rules	600x357 jpeg	Bilen merket C står parkert ved et veikryss med forbudsskilt. Hva er hovedregelen for parkering i næ
38	0c7d88d4-e53b-433f-9c39-bcc2cda5a05e	Driving Conditions	600x600 jpeg	Hva er riktig når du nærmer deg et fotgjengerfelt med dårlig sikt?
39	0c803f6a-41b8-4bc5-accd-4d729ece3c6b	Safety	600x379 jpeg	Hvilken kjørestil bidrar mest til å redusere utslippene som vises på bildet?
40	0ceecdc2-5c58-459b-a29b-4ce214cf3307	Traffic Signs	314x459 jpeg	Hva gjelder for parkering utenom de angitte tidene på dette skiltet?
41	0d002c8c-92f9-47e8-9ac3-6eb5e1da2ab9	Traffic Rules	600x600 jpeg	Når er det tillatt å kjøre forbi til høyre?
42	0d2e462d-9e7c-4e76-a6f9-0fdbd9435d60	Road Rules	600x400 jpeg	Du kjører bil og nærmer deg en syklist som sykler i samme retning foran deg, slik som på bildet. Hva
43	0dc8c9d0-0fc8-4a28-86e2-72c6559de2fc	Road Rules	600x400 jpeg	Du kjører lastebil mot betaling for et transportfirma. Hva må du alltid ha med deg under kjøringen i
44	0ee8c849-5aa2-4519-b250-54728c7e18a5	Traffic Signs	900x651 jpeg	Hva betyr det blå skiltet med trikk-symbolet som er synlig i bildet?
45	0f73b220-f4f1-42f6-8d64-9589bd8a0180	Traffic Signs	800x599 jpeg	Hva betyr det røde X-skiltet over et kjørefelt på en vei med kjørefeltsignaler?
46	0f78d35f-7a39-4b1c-8f5a-73fb29b4653a	Road Conditions	600x480 jpeg	Du kjører i 80-sone på våt vei. Hva er riktig tilpasning?
47	0f925c43-4cd6-4cbc-9041-937ed8980f4b	Driving Conditions	388x900 jpeg	Du ligger bak denne bilen som kjører svært sakte i tåke. Hvordan bør du vurdere denne situasjonen?
48	0f985f95-e67c-4027-8b7f-96400c24fc30	Road Rules	800x599 jpeg	Du kjører på en smal vei og ser en fotgjenger som går langs veikanten foran deg. Hva bør du gjøre?
49	0fa6a622-b6e9-46bc-87db-2b5e53a723db	Road Rules	800x600 jpeg	Du kjører på en firefeltsvei som vist på bildet. Hvilket felt bør du normalt holde deg i når du ikke
50	0fd64d09-f566-4794-8ec8-2ca0e877fa72	Safety	800x600 jpeg	Hva er sammenhengen mellom risikoterskel og trafikkulykker?
51	0ff629ca-9b40-4b4e-a402-ce9b2ce4de9f	Traffic Rules	600x461 jpeg	Bildet viser et gangfelt med teksten «Foran» og «Bak». Hva er regelen for forbikjøring ved gangfelt?
52	10980076-66c0-467c-a7e1-b0bb7dfb06ac	Traffic Signs	525x320 jpeg	Hva betyr skiltet «Stans forbudt» (rundt skilt med rød kant og to røde kryss på blå bunn)?
53	10edb308-b20f-4322-bcd4-43920f481e7c	Traffic Signs	900x588 jpeg	Hva betyr de oransje skiltene over veien i dette bildet?
54	111ec7f1-c4c4-45eb-8788-eb2d3380fd22	Safety	600x503 jpeg	Hva bør du gjøre når du ser dette skiltet og skal kjøre inn i tunnelen?
55	116ae1b3-6c42-4d77-8f4a-f9d7b71446f9	Safety	536x417 jpeg	Du ser dette skiltet. Hvordan bør du tilpasse kjøringen din?
56	118c8ba4-e7da-490a-9d42-2119e366b4dc	Road Rules	600x400 jpeg	Hvilken forskjell er det mellom vanlige promillegrenser (§ 22) og pliktmessig avhold (§ 22b) for før
57	118e4f36-40db-497d-ad82-673918845940	Traffic Signs	600x600 jpeg	Hva varsler dette skiltet?
58	12ddf8c4-0595-4fed-96ae-71993e7f9c23	Traffic Signs	800x600 jpeg	Hvorfor brukes forskjellig form og farge på trafikkskilt?
59	13539031-daaf-424f-af23-f552af984de2	Driving Conditions	800x600 jpeg	Du kjører på en landevei som vist på bildet. Hvordan påvirker jevn fart uten unødvendige fartsvarias
60	1384c84f-54a4-44f0-8219-8de048049ed1	Right of Way	436x600 jpeg	Du kjører på veien med forkjørsrett (markert med gult skilt). Underskiltet viser at forkjørsveien sv
61	13bb6d86-91c3-4bfe-a0bd-646f41f56e9e	Road Rules	600x400 jpeg	Hva må du gjøre når du nærmer deg et gangfelt der fotgjengere venter?
62	13bf823d-a860-461c-9fa5-2ced57a88190	Traffic Signs	600x600 jpeg	Hvilken form og farge har norske fareskilt?
63	13dc1d2a-721d-460b-abb4-f8919d22a60d	Traffic Signs	800x535 jpeg	Hva betyr skiltet som vises på bildet med én pil oppover og to piler nedover?
64	147dac0a-2b32-4933-ad92-9e70102fe58f	Right of Way	600x337 jpeg	Du kjører bil B og skal svinge til høyre. Hvem har vikeplikt i denne situasjonen?
65	14ba2fdb-4b52-47b2-8464-aadc98863549	Road Rules	800x535 jpeg	Hva menes med begrepet 'kjørebane' i trafikkreglene?
66	15509082-9095-44d1-a31f-4809b4deafd8	Right of Way	600x415 jpeg	Hva betyr forkjørsrett?
67	1558e216-f379-429b-bf09-63f5679d8567	Situations	600x400 jpeg	Bildet viser en person som sitter på et kontor med solbriller. Når er det påbudt å bruke solbriller 
68	1689951b-4702-4338-954d-8cc71d3cc6ca	Right of Way	900x641 jpeg	Du kjører på denne veien og nærmer deg krysset som vises på underskilttet. Hvem har vikeplikt i dett
69	1726ce0b-13d2-433c-a370-a1a0641f8357	Road Rules	900x588 jpeg	Du kjører i felt A og skal til Gjøvik. Bilen i felt B begynner å skifte til ditt felt. Hvem har vike
70	178db8c0-3adf-41cf-ad29-13a79b181e59	Situations	475x347 jpeg	De røde stiplede linjene foran bilene C, D og E indikerer at disse bilene står parkert. Hva må bil A
71	17d9eeb8-6888-4b1e-85a9-689b8358961b	Situations	800x535 jpeg	Bildet viser en vei med fotgjengere på venstre side og et gangfelt foran. Du skal svinge til venstre
72	18146965-b207-4db5-a9c2-63b221f70c09	Road Rules	1080x720 jpeg	Du er 24 år og har hatt førerkort i 6 år. Kan du være ledsager for din 16 år gamle søster som øver p
73	1853563c-0f37-4637-8e02-7704889da181	Traffic Signs	600x400 jpeg	Hva betyr dette skiltet med trekant og utropstegn og underskilt som viser kollisjon mellom kjøretøy?
74	194057a9-3bd4-437a-8e9d-179e026fed91	Road Rules	1080x721 jpeg	Under øvingskjøring blir bilen stanset i en politikontroll. Eleven har drukket alkohol kvelden før o
75	19fe8d9c-5186-41d1-b469-adc7e03579b2	Road Rules	600x547 jpeg	Du nærmer deg et lyskryss og ser at lyset skifter til gult. Hva skal du gjøre?
76	1a4189e8-6b64-4038-a3a1-f817347c5923	Road Rules	530x398 jpeg	Du kommer til rundkjøringen på skiltet. Hvordan skal du kjøre for å komme til Fjord?
77	1b4caa7d-56e3-4177-95a5-ea7040a81aa0	Speed Limits	800x432 jpeg	Du kjører på en landevei utenfor tettbygd strøk. Det er ikke satt opp noen fartsskilt. Hvilken farts
78	1b672fcf-8d33-4fcf-a947-17a9ec26c19d	Speed Limits	600x400 jpeg	Hvor langt er 3 sekunders avstand i 80 km/t?
79	1b797800-4e9b-4cde-845a-fe8dd7bb0a07	Safety	250x269 jpeg	Bildet viser bremsespor på veien. Hvilken faktor har IKKE direkte innvirkning på bremselengden?
80	1b84c948-f8e6-4b65-bee4-6626c2d1a32a	Safety	800x600 jpeg	Bildet viser en vei med snø og is. Hvilken sikkerhetsfaktor er mest kritisk å vurdere i forhold til 
81	1bf233cd-f842-4f4d-9c47-8db1cef8dbaa	Traffic Signs	799x600 jpeg	Du ser dette skiltet på en snødekt vei. Hva varsler skiltet om?
82	1c52cf14-e065-4df6-bf89-dcf443776623	Situations	600x400 jpeg	Bør du holde ekstra avstand til varebilen foran deg i denne situasjonen?
83	1cafc3a5-0032-4682-9d84-12ebbd7480d0	Traffic Signs	600x600 jpeg	Hva betyr skiltet du ser ved veikanten?
84	1cbdbf19-37c4-4ce3-9ef6-e29812b436a9	Road Rules	600x426 jpeg	Hva er riktig ved kjøring i tett trafikk på motorvei?
85	1cec0078-1e33-4b43-abfa-6337a5912d52	Traffic Signs	800x600 jpeg	Du kjører i høy hastighet og ser et skilt på avstand, men kan ikke lese teksten. Hvordan kan skiltet
86	1df03083-239f-405b-8b7c-f34af2a94f85	Situations	800x600 jpeg	Du kommer kjørende og ser denne situasjonen foran deg. Hva bør du gjøre først?
87	1e0000b2-cbf8-4375-8523-87a9cdaf0b2e	Road Rules	600x450 jpeg	Hva er riktig ved kjøring i rundkjøring—plassering før avkjørsel til høyre?
88	1e267781-052b-4684-95c3-7deb9e3ffa68	Situations	600x419 jpeg	Du nærmer deg en rundkjøring bak en tankbil med farlig gods. Hva er riktig oppførsel?
89	1e925468-9235-4d02-95f0-44ab4965b676	Situations	167x115 jpeg	Hvorfor bør man planlegge ruten på forhånd under privat øvelseskjøring?
90	1ec30003-30f3-461e-b2b6-f7020d21a900	Driving Conditions	600x344 jpeg	Hva er riktig om havarilommer?
91	1f69ae39-2bd0-44cb-8879-786dbf029d32	Safety	800x528 jpeg	Hvorfor er planoverganger ansett som spesielt farlige steder i trafikken?
92	1f81d7bf-8718-4843-bcca-68a06442d820	Right of Way	172x173 jpeg	Du kjører på en forkjørsveg og passerer dette skiltet. Hva må du være forberedt på i neste vegkryss?
93	1f9b89b2-e947-44c0-8c15-917cb59649e4	Traffic Signs	600x294 jpeg	Hva betyr det blå skiltet til høyre i bildet?
94	2007313b-6f48-474c-ac87-3af6570586a0	Road Rules	600x400 jpeg	Hva betyr de gule sperrelinjene (skraverte området) i veibanen som vist på bildet?
95	2074e803-54e1-4967-bc35-bfc2e6d4dc76	Road Rules	800x583 jpeg	Du kjører på en vei som vist på bildet. Hvordan påvirker effektiv trafikkavvikling farten du bør hol
96	207bd9aa-5651-4d11-a6ba-35339624e2f7	Road Conditions	418x272 jpeg	En person tok førerkort klasse D i 1996 og fornyet førerkortet før utløpsdato. Hvilke førerrettighet
97	20ef36e8-646d-4801-bc72-6ca1177a6b40	Safety	800x510 jpeg	Hvorfor er det viktig at en fersk bilfører vurderer sine egne sterke og svake sider som sjåfør?
98	2150b4fd-f1ea-4e88-83c6-679e4e4ba2ed	Situations	800x599 jpeg	Du står ved vikepliktskiltet og skal svinge til høyre. Det kommer trafikk fra venstre. Når kan du kj
99	215e8355-2dad-4f14-a522-3aae27bbc3bf	Situations	600x600 jpeg	Hva gjør du ved oversteer-sladd?
100	2171c75b-b0a5-430d-8184-eaf088ac29cb	Road Rules	554x425 jpeg	Hvilke regler gjelder ved dette skiltet?
101	21a7bfe4-828e-4b8a-99c2-c04c6cf18043	Traffic Signs	600x592 jpeg	Hvilken skilt angir felt for  fartsøkning?
102	21e7a368-2150-4507-8d43-e74a50840265	Safety	600x600 jpeg	Hva er en typisk fare når du møter motgående trafikk i en sving på slike smale fjellveier?
103	2273044a-d5a1-4d5d-a1a8-21e9c6054999	Road Rules	525x379 jpeg	Hva er hovedformålet med forbudet mot bruk av elektronisk utstyr i motorvogn?
104	237131f8-6800-473f-8893-b638e9885a99	Traffic Signs	600x400 jpeg	Hva betyr det runde blå skiltet med hvit pil som peker oppover ved krysset?
105	24be2ee1-5b86-4526-9d92-0f9509a1ff29	Safety	600x400 jpeg	Hva er riktig rekkefølge ved start i oppoverbakke med manuell gir?
106	258a7d3f-3b24-4465-8255-553febbfa9a4	Road Rules	198x130 jpeg	Hvorfor er det viktig å kjenne til lover og regler i trafikken?
107	25ef155c-5002-44d2-8eef-f504e3a12948	Road Rules	512x512 jpeg	En person på 24 år har hatt førerkort i 6 år sammenhengende. Kan vedkommende være ledsager for en so
108	263a9952-345a-4712-83cf-4cfbf9a540c0	Road Rules	600x400 jpeg	Hva er riktig ved kjøring med nedsatt sikt på grunn av skitne ruter?
109	263bbc4c-cb5f-4ed8-834a-e550497f3499	Road Rules	517x383 jpeg	Du låner bort bilen din til en bekjent. Hvem har ansvaret for å sjekke at vedkommende har gyldig før
110	27a47592-a93d-4163-9194-67bf633cace8	Road Conditions	418x272 jpeg	Du er 22 år og har førerkort klasse B. Du ønsker å kjøre en buss med 16 passasjerplasser i yrkesmess
111	27a9cb9e-1226-4de6-89b8-94b374dd8b09	Situations	800x600 jpeg	Du nærmer deg en avkjøring på høyre side som vist på skiltet. Hvordan bør du plassere bilen din?
112	27bca388-f56f-4917-bb73-9f461fce23fe	Traffic Rules	600x173 jpeg	Hvordan bør du oppføre deg når du nærmer deg en jernbaneovergang uten bom?
113	280cf5fa-9e01-4903-ac5a-a73d619492d5	Traffic Signs	600x465 jpeg	Du kjører på denne veien og ser dette skiltet. Hva er den nye fartsgrensen etter at du har passert s
114	2815166f-6bf2-48a1-ab5f-cc843256b8c1	Right of Way	600x400 jpeg	Hva er fartsgrensen i gatetun?
115	2862d1a2-fabb-47ef-82cb-17495847e261	Situations	600x450 jpeg	Hva er «parkering med hjul mot kantstein» hensikt?
116	289853df-5d90-4ce4-b97c-48aaabe6b5b0	Road Rules	800x599 jpeg	Du kjører på veien som vist på bildet. Hvorfor er det viktig med riktig plassering av kjøretøyet når
117	292bde59-ba31-4784-98d8-99c10182423f	Safety	300x168 jpeg	Hvorfor er det viktig å sikre frie luftveier hos en bevisstløs person som sitter i en skadet bil, fr
118	2981f28b-da56-49f1-8cad-24b64c0402d6	Right of Way	600x400 jpeg	Hva er anbefalt hastighet i fotgjengersoner?
119	29ecf835-645c-4eab-85d1-39efb551dc3d	Traffic Rules	600x600 jpeg	Kan du parkere personbilen din ved et taxiskilt?
120	2a141778-70f3-4792-ae60-46e300885831	Situations	167x115 jpeg	Under privat øvelseskjøring kan mange situasjoner bli vanskelige å løse. Hva er viktigst for å håndt
121	2a72c4ca-cb79-4140-90a9-0531467e8c0a	Road Rules	800x535 jpeg	Hva kjennetegner en gang- og sykkelveg i følge trafikkreglene?
122	2b66df27-68be-4367-a9d9-4f1ad66f0cfb	Traffic Signs	600x173 jpeg	Hva betyr det oppsatte skiltet til høyre på bildet?
123	2b98d7c1-9514-421b-aa4d-1bfc82ca1135	Traffic Signs	600x337 jpeg	I dette krysset blinker alle trafikklysene gult. Hvem har vikeplikt mellom bil A og bil B?
124	2c530e92-146a-4506-9265-4e615fad5481	Road Rules	800x600 jpeg	Hva indikerer den gule midtlinjen på veien i bildet?
125	2c8c11a1-ba74-485c-a80b-377399b33adf	Road Rules	600x461 jpeg	Hva er minste avstand du må holde til et gangfelt når du parkerer foran det?
126	2c9123d5-1911-4e48-90de-bd47e862961c	Safety	600x600 jpeg	Hvor mye alkohol i blodet er maks tillatt for å kjøre bil i Norge?
127	2cb673a9-c3ca-4647-8b0d-2d34b5802eec	Road Conditions	800x415 jpeg	En person tok førerkort klasse C i 1995. Hva kan vedkommende kjøre som en person med klasse C fra 20
128	2d2996a3-5e2c-454c-846a-dd3e1a7d520f	Driving Conditions	900x555 jpeg	Basert på lysforholdene og årstiden i dette bildet, hva bør du være ekstra oppmerksom på som sjåfør?
129	2d5cc475-f987-41e0-b6d3-29b2f8814b48	Traffic Signs	800x600 jpeg	Du kjører mot en rundkjøring og ser blå skilt med hvite piler. Hva forteller disse skiltene deg?
130	2e105eb4-e4da-467e-9d30-24f6c6b76ede	Road Rules	800x599 jpeg	Du ser en gul, stiplet midtlinje på veien. Når kan denne linjen være en varsellinje i stedet for en 
131	2e6a2271-ca48-4766-a3cd-449b7dabfdd4	Driving Conditions	600x600 jpeg	Du kjører på en våt fjellvei som vist på bildet. Hva må du være spesielt oppmerksom på ved veiskulde
132	2e79ca27-13d4-48dd-aa57-2baf6bdf0c34	Driving Conditions	600x400 jpeg	Hvilken kjøremåte gir lavest drivstofforbruk og minst utslipp?
133	2ee9243b-4f14-437c-8841-836f97256c6d	Traffic Signs	456x500 jpeg	Hva er riktig å anta om videre kjøring etter dette skiltet?
134	2eeddfb5-b624-4d08-979c-36568be35b2a	Traffic Signs	900x576 jpeg	Hva betyr skiltet til venstre i bildet?
135	2f2221d8-566a-42b1-94e8-ea691102e67f	Situations	900x577 jpeg	Du kjører mot ridende politi som patruljerer i gaten. Hvordan bør du oppføre deg?
136	2f3811a7-26d4-4252-9bf1-bd23ab8dc641	Traffic Signs	541x391 jpeg	Hva varsler dette fareskiltet?
137	2fa46df6-7806-4281-989b-59e6c7494196	Right of Way	600x337 jpeg	Bil A kjører ut fra parkeringsplassen og skal inn på veien hvor bil C kjører. Hvem har vikeplikt?
138	2fc05021-8931-443b-ac19-5789b9cf130a	Traffic Signs	900x563 jpeg	Hva betyr det svarte og gule skiltet midt i bildet?
139	2ff0a134-8ea5-4dd1-af50-69af18c6aa26	Situations	900x655 jpeg	Du kjører den røde bilen og skal svinge til venstre i krysset. Hva må du være spesielt oppmerksom på
140	305f5628-5ec3-439e-a9ca-62d729366ed3	Safety	600x480 jpeg	Hva må gjøres ved skade på annet kjøretøy (parkering)?
141	307e9d29-5325-432a-9ec7-3819b4194a72	Driving Conditions	600x400 jpeg	Hva er riktig ved kjøring etter mørkets frembrudd?
142	30ff0f56-29c3-458d-86df-922572ed35fa	Road Conditions	600x400 jpeg	Du skal bruke en uregistrert motorvogn for et enkelt oppdrag. Hvilke krav må være oppfylt for at reg
143	31a651ff-ef6a-4a75-a612-028620391e7c	Right of Way	158x158 jpeg	Hva betyr forkjørsvei?
144	31dd0cb0-5e52-453d-92c4-a404b08c0193	Situations	800x600 jpeg	Du kjører under en brokonstruksjon og ser vikepliktskilt foran. Hvordan påvirker brokonstruksjonen d
145	31ec018c-a414-48ff-8c7d-e21a1b312c19	Road Rules	600x400 jpeg	Hvem har myndighet til å fastsette vilkår og gebyr for midlertidig bruk av uregistrert motorvogn?
146	3221eca0-e473-4ec1-857d-f61044ef5316	Traffic Signs	92x92 jpeg	Hva betyr dette skiltet som viser en sidevei fra høyre som ikke krysser hovedveien?
147	3276b237-71f9-4f1d-b6ae-48acfa33f023	Traffic Rules	600x488 jpeg	Bil C står parkert nær krysset. Hva er minste lovlige avstand fra veikryss ved parkering?
148	32f3f063-1b74-46ea-8547-e0d4001ecdf6	Safety	600x480 jpeg	Hva er risikoen ved gamle dekk (eldre enn 6 år)?
149	336ef8e8-11e3-4bfe-8930-84104c66ad55	Driving Conditions	799x600 jpeg	Du kjører på denne vinterveien og nærmer deg et vegkryss med skiltet vist. Hvordan bør du tilpasse k
150	33908e65-3212-4b94-95c4-bf53a4d02829	Traffic Signs	800x600 jpeg	Hva er hovedfordelen med at forbudsskilt og fareskilt har forskjellig form?
151	33b47870-a4de-4082-a307-962776450a37	Road Rules	800x599 jpeg	Du kjører på en vei med gul midtlinje som vist på bildet. Hva forteller fargen på midtlinjen deg?
152	34a2f600-b72c-4ef6-b953-eff99ddde5cc	Traffic Signs	250x250 png	Hva betyr et skilt med hvit pil på blå bakgrunn?
153	35534917-76c1-430c-b976-fbeba1122de6	Right of Way	800x600 jpeg	Du står på en avkjørsel og skal kjøre ut på hovedveien. Det kommer trafikk fra begge retninger. Hva 
154	36bcd740-0b8d-4e35-88ec-275184407045	Road Rules	900x670 jpeg	Du kjører på denne veien. Hva indikerer de hvite kantlinjene og midtstripene?
155	36ff2cda-4ec8-4e9c-a824-fe360c3f8d06	Safety	600x600 jpeg	Hva bør du gjøre hvis du blir trøtt under kjøring?
156	37156ef1-4687-4df6-aa73-aa6995d4516f	Driving Conditions	900x575 jpeg	Veien er våt og det regner. Hva bør du være spesielt oppmerksom på i denne situasjonen?
157	37349c7f-328d-46ca-bad9-edb1afd968cc	Traffic Signs	516x377 jpeg	Hva betyr dette skiltet med '10 t' og boggi-symbol?
158	375df126-6283-4476-8dc7-01b267f67be1	Traffic Signs	375x260 jpeg	Du ser dette blå skiltet med bokstaven M langs veien. Hva betyr det?
159	391c519a-1a13-4715-baa9-aec45e3c6263	Speed Limits	600x449 jpeg	Hva er fartsgrensen på vanlige landeveier utenfor tettbygd strøk?
160	394659b5-7b28-425f-a240-31858ae54161	Situations	800x600 jpeg	Du skal kjøre ut fra en rasteplass og inn på en trafikkert vei. Sikten er begrenset på grunn av en s
161	39a42016-a9ad-4a7a-b755-8d8dddf5cccd	Situations	388x900 jpeg	Når du ser dette fareskiltet, hvordan bør du tilpasse kjøringen?
162	39d5340a-618d-4e47-9066-2a051a87d0a8	Road Rules	600x426 jpeg	Du kjører på motorvei. Når skal du bruke venstre felt?
163	3a60adf1-61cc-4981-9f35-a7c6c028e27c	Road Rules	900x662 jpeg	Du kjører den røde bilen og skal svinge til høyre. En syklist kommer fra venstre. Hva må du gjøre?
164	3b0efd2c-e85b-4e00-8761-f0ba69bac8bd	Situations	600x337 jpeg	Hva må fører av bil B være spesielt oppmerksom på når han skal svinge til høyre?
165	3b881cff-e1a6-4a2a-841b-50fcccd99b71	Situations	264x112 jpeg	Bildet viser en beslutningssituasjon der du må velge mellom venstre (V) og høyre (H). Hvilken rekkef
166	3ba03f68-b370-42cc-8112-b0d2c6b5e92e	Road Rules	600x400 jpeg	Du ser en fotgjenger som venter ved et gangfelt. Hva skal du gjøre?
167	3bf80820-d743-45e5-b41e-551a3b2ef1e6	Traffic Signs	600x280 jpeg	Hva er forskjellen mellom stoppskilt og vikepliktsskilt?
168	3c062252-748c-48be-b522-ec756d78b9a6	Speed Limits	800x600 jpeg	På bildet ser du fartsgrenseskilt på begge sider av veien. Hvorfor er skiltene plassert på denne måt
169	3c704a86-99c7-40ab-9cd0-1ce430a2a34d	Traffic Rules	600x400 jpeg	Hvor må mobiltelefonen være plassert for at du lovlig kan bruke den under kjøring?
170	3db12611-a253-4453-be7d-ba77512ef846	Traffic Signs	600x357 jpeg	Hvilket av disse fire skiltene varsler om planovergang uten bom?
171	3df0648f-8918-401c-ab91-d54736f95189	Safety	800x599 jpeg	Hvorfor er det spesielt viktig å være oppmerksom på farten i områder som dette med spredt bebyggelse
172	3e72f6eb-caa3-4996-9472-3d7e9611ab6c	Road Rules	600x400 jpeg	En bilfører nekter å blåse i alkometeret ved en trafikkontroll. Hva skjer videre?
173	3ea8084c-0057-490a-b021-9272dde0ac3a	Situations	800x600 jpeg	I situasjonen på bildet kjører du bak en annen bil på en vei langs et vann. Hva er viktigst for effe
174	3eddb29c-f36e-4f23-8388-f060b9286381	Safety	600x400 jpeg	En fører har ikke drukket alkohol, men har sovet svært dårlig de siste to nettene og føler seg utmat
175	3f565b86-a4fe-46e7-8a46-7d7cf188bc10	Traffic Signs	800x600 jpeg	Hva betyr skiltet du ser på høyre side i dette bildet?
176	40081ef4-31bf-4951-bbf6-3c267178d72d	Safety	800x619 jpeg	Hvorfor er unge førere overrepresentert i alvorlige trafikkulykker?
177	402bb92d-b7fa-4c9d-8912-dbb3f38c77fc	Right of Way	600x400 jpeg	Hva skal du gjøre når du nærmer deg et gangfelt?
178	4032425a-1354-4ac3-bfac-c8084aa34f77	Traffic Signs	900x662 jpeg	Hva betyr det når lyskrysset viser gult lys alene?
179	407eaf54-9717-469a-8609-af12560fec42	Traffic Signs	483x496 jpeg	Hva betyr dette parkeringsskiltet med tidsangivelsene 08-17, (08-15) og 18-20?
180	409aeed2-497f-476b-b64f-d6eca8843f54	Road Rules	600x450 jpeg	Hva indikerer de hvite kantlinjene på hver side av veien?
181	40c20dbd-063e-4877-83d7-06f6a72e93fc	Driving Conditions	600x349 jpeg	Hva bør du være spesielt oppmerksom på når du kjører i denne situasjonen med regn og redusert sikt?
182	41106d57-bcf3-4c25-8934-f09e052f1b20	Traffic Rules	600x387 jpeg	Du kjører i en bygate som vist på bildet. Hva er fartsgrensen hvis ingen skilt er satt opp?
183	411b93cb-3e44-49ac-b51a-2857a13c8a11	Road Rules	600x450 jpeg	Hva er riktig ved kjøring på vei med mange myke trafikanter?
184	412b872c-1067-4f11-944d-240f69b58b82	Road Rules	900x616 jpeg	Du kjører bak den sølvfargede bilen. Hva indikerer den hvite pilen på veibanen?
185	4185102e-868b-4dce-abd0-630e784b460b	Traffic Signs	800x583 jpeg	Hva betyr skiltet som vises på bildet med en rød og en svart pil?
186	4190091a-32a0-446b-bc50-6dc25a5b4637	Speed Limits	600x400 jpeg	Hva er fartsgrensen i tettbygd strøk når ingenting annet er skiltet?
187	4222134f-2c9c-4fa6-9414-db58fbf23630	Safety	600x370 jpeg	Hvem har ansvaret for at en 12 år gammel passasjer bruker bilbelte under kjøring?
188	429846ea-92af-42ab-923c-aa18c32fe040	Driving Conditions	800x600 jpeg	Hva er hovedformålet med økonomisk kjøring?
189	43164ed7-f19f-4db9-b6e0-7a7ed8031e02	Traffic Signs	600x600 jpeg	Hva er riktig å anta etter dette skiltet?
190	432662e4-5b81-47cb-890b-cd3f6e5b73a2	Safety	656x370 jpeg	Hvem har ansvaret for at passasjerer over 15 år bruker bilbelte?
191	440f6aeb-5723-4b39-ae16-b236f44aa679	Road Rules	800x600 jpeg	Du kjører bak et utrykningskjøretøy med blålys som vist på bildet. Hvordan skal du forholde deg?
192	44455372-aba2-4c5e-a718-8dca1dcf163d	Traffic Signs	900x600 jpeg	Hva betyr det gule skiltet med teksten 'Bussterminalen' og pil rett frem?
193	44f2239c-364f-4997-8bff-950d9864f02e	Traffic Signs	600x376 jpeg	Hvilket utstyr kan du forvente å finne ved dette skiltet i tunnelen?
194	45f54982-234a-4e12-a3f7-dd26df385cb3	Right of Way	260x194 jpeg	I krysset på bildet dirigerer politibetjenten trafikken. Den røde bilen og den grønne bilen vil begg
195	45fbeaac-c49f-4455-9b5a-6bc42c53a60b	Situations	800x662 jpeg	Hva menes med 'arbeidsrom' i trafikken, og hvordan kan du påvirke det gjennom plassering?
196	46b2da15-2e6e-42a2-9651-a6172ec7358b	Situations	800x535 jpeg	Du ser at det kommer en rød bil på broen fra venstre. Den blå kranbilen og den hvite lastebilen står
197	474d1989-a29d-41c4-a756-c9afa86d3790	Traffic Signs	600x387 jpeg	Hva betyr skiltet du ser på venstre side av veien?
198	48b69ca0-7436-4a69-9a80-04d03c11bfe5	Right of Way	800x599 jpeg	Hvorfor er vikepliktreglene viktige for trafikkavviklingen?
199	48dffcbd-98fd-4486-a9a2-271be33751b2	Traffic Signs	600x450 jpeg	Hva slags mål viser dette gule skiltet veien til?
200	49012a94-5ed4-40a5-a44c-be3f775705aa	Right of Way	800x600 jpeg	Du kjører på en forkjørsvei og skal svinge til høyre i krysset. Er det nødvendig å blinke?
201	49e518d9-a926-465d-bbc7-cc3abddbf365	Speed Limits	600x600 jpeg	Hva er maksimal fartsgrense i tettbygd strøk?
202	4a386d86-91b4-48d2-8298-bac4b34819df	Traffic Signs	600x600 jpeg	Hvor langt på hver side av taxiskiltet gjelder forbudet vanligvis?
203	4af75e8e-d8ee-499a-ad21-4f8cabd34ea8	Traffic Signs	900x683 jpeg	Hva betyr vikeplikt-skiltet (rød trekant med spissen ned) som den røde bilen nærmer seg?
204	4b82f550-b2ee-4045-a04a-1299f1c11469	Road Rules	800x535 jpeg	Hva kalles den delen av vegen som ligger utenfor kantlinjen?
205	4c696657-2d39-4ce6-ae33-21860993814e	Traffic Signs	172x173 jpeg	Hva er forskjellen mellom et påbudsskilt og et forbudsskilt når det gjelder førerens handlingsrom?
206	4d2b23ed-4afa-4ce3-8441-30d20eb50b31	Right of Way	600x450 jpeg	Hvem har vikeplikt når du kjører ut av en parkeringsplass?
207	4d51a662-6fe9-49c9-9c5d-311d8d99638a	Road Rules	800x599 jpeg	Hva er forskjellen mellom gul og hvit midtlinje på norske veier?
208	4d56c9ce-4524-42df-ae59-62610d0e2341	Road Rules	900x592 jpeg	Du ser et rødt sykkelfelt i veibanen. Hva gjelder for deg som bilfører?
209	4d5f6449-dbe0-467f-aab9-6105dcd5e4ec	Road Rules	800x599 jpeg	Du kjører på veien vist på bildet. Hva forteller den gule midtlinjen deg om kjøring på denne strekni
210	4e227936-89d2-414a-8341-52e8ef0e2ed2	Safety	800x365 jpeg	Hva menes med begrepet 'Golden Hour' i forbindelse med trafikkulykker?
211	4ef56a35-9f8c-4d86-948a-02c74052193d	Road Rules	600x337 jpeg	Hva betyr et grønt lyssignal i et lysregulert kryss?
212	4f2bf941-3114-4730-a9ea-e97081b1e5fb	Traffic Signs	600x600 jpeg	Hva betyr det trekantede skiltet med spissen ned som vises i krysset?
213	4f366322-1744-4b83-9efd-bf2d77ae5354	Road Rules	600x400 jpeg	Hvor skal en syklist normalt sykle på veien?
214	4f54db52-b241-4c80-a229-4a3b80b3a16d	Traffic Signs	463x281 jpeg	Hvilken bil står parkert i strid med skiltet 'Parkering forbudt'?
215	5011da7c-4202-43c3-90b4-874e8c489954	Right of Way	800x600 jpeg	Du ser et gult firkantskilt med hvit kant (vikepliktskilt) og et skilt som viser Y-kryss. Hva betyr 
216	50508947-545d-4d0a-b298-9d7fe080884b	Traffic Signs	600x378 jpeg	Hva betyr det blå skiltet med teksten 'Lærdalstunnelen 24,5 km' før tunnelinnkjøringen?
217	506f7ea0-e6fe-4f49-9481-e2606e54df9b	Road Rules	800x599 jpeg	På bildet ser du en motorveilignende vei med akselerasjonsfelt. Når har du vikeplikt når du kjører f
218	516cad78-ab7a-4187-94eb-89ed187ef608	Safety	800x535 jpeg	Ved 70 km/t er reaksjonslengden ca. 19,4 meter. Hva skjer med den totale stopplengden hvis du er uop
219	518f6576-7080-4a13-8aa5-cb8deace2268	Road Conditions	550x321 jpeg	Du skal bruke din private bil til øvingskjøring med en 17-åring. Hvilke krav stilles til bilen?
220	51bb3e5d-7431-43ec-b504-801f15a6b11d	Road Rules	800x535 jpeg	På en bred vei uten oppmerking - kan det likevel være flere kjørefelt?
221	522bcf7a-c886-4558-a6fb-46433df45c6b	Driving Conditions	600x400 jpeg	Hva betyr de oransje- og gulstripete stolpene som står langs veikanten på bildet?
222	5282ca8e-3087-422a-83f8-20b08711db3e	Traffic Signs	900x555 jpeg	Hva betyr dette trafikkskilt som er synlig på høyre side av veien?
223	52d4fb4b-72f5-4698-9b5e-2aeea59f6b81	Situations	800x599 jpeg	Du kjører inn i en liten bygd og ser et forbudsskilt mot vending. Hva må du gjøre hvis du har kjørt 
224	53215628-a493-4829-ba95-3fb8e8e62481	Traffic Signs	600x401 jpeg	Hva betyr det runde, røde skiltet med hvit horisontal strek som du ser på begge sider av veien foran
225	53927987-4bd2-4155-862e-2096d6cb0ede	Safety	800x746 jpeg	En ung sjåfør drømmer om å kjøre som en erfaren voksen. Hva er den viktigste forskjellen mellom en u
226	53a1dd81-dced-4e78-8ac8-8f9485db77e1	Road Rules	800x535 jpeg	Du kjører den blå lastebilen og skal svinge til venstre i dette krysset. Hva må du være spesielt opp
227	5417ad32-6a64-4628-af88-9a7bdc9973dd	Speed Limits	800x600 jpeg	Du kjører på en sving som denne med fjellvegg på høyre side. Hvorfor er det spesielt viktig å holde 
228	5449882d-5bdf-46cf-93e9-02cd0335d4a1	Safety	504x350 jpeg	Bildet viser hvordan man legger en bevisstløs person i stabilt sideleie. Hvorfor er denne posisjonen
229	5543fccc-ca2e-4cce-b59a-942bb9c99d3b	Driving Conditions	800x600 jpeg	Du kjører på en vinterdag som vist på bildet. Veien er dekket av snø og det er en sving foran deg. H
230	55599399-6c1a-4557-84c5-f13bbdd37bf4	Road Rules	600x400 jpeg	En person med gyldig førerkort fra et land utenfor EØS ønsker å kjøre i Norge. Hva kreves i tillegg 
231	556d96c1-f8d0-4868-b064-edcc950cf13f	Safety	800x599 jpeg	Hvorfor er det viktig å holde god avstand til utrykningskjøretøy som brannbiler?
232	559371c2-e1c1-4c1b-9b54-2a2858f25019	Road Rules	600x455 jpeg	Hva er riktig når du blir forbikjørt?
233	55fa77fa-9796-4121-9d49-68c9650819cf	Traffic Rules	600x480 jpeg	Hva betyr fartsgrense 80?
234	56b78da9-3426-45af-bbf3-695b3a4085a6	Road Rules	567x351 jpeg	En person med gyldig førerkort oppdager at synet hans har blitt betydelig svekket. Hva er han ifølge
235	56fe268d-a04e-4777-b72f-755d77c9df63	Road Rules	1080x720 jpeg	Du har vedtatt et forenklet forelegg for en trafikkforseelse, men mener i ettertid at du var uskyldi
236	575f4449-ed83-48ed-b8a0-b2848f1d24a3	Traffic Signs	800x600 jpeg	Hva betyr dette skiltet med to piler som viser forskjellige retninger?
237	58191e7b-ce55-4fe1-8d91-8b09e721a32b	Road Rules	1080x719 jpeg	Du blir stoppet av politiet og får utskrevet et forenklet forelegg på stedet. Hva skjer hvis du ikke
238	588a73fd-15f9-4656-a9c1-7774187b1858	Safety	478x716 jpeg	Du er involvert i en trafikkuhell hvor en person er skadet. Hva er du pliktig til å gjøre i henhold 
239	58b9b00b-7efd-493f-b9b5-e638052bd78a	Road Rules	571x354 jpeg	Hva betyr den kryssende veioppmerkingen med rødbrun farge og hvite striper som vist på bildet?
240	58bdf13b-e10b-42fb-b229-c69b572ec893	Road Rules	800x535 jpeg	Hvordan blir et sykkelfelt etablert som gyldig?
241	58fb7795-6aad-4af5-9f69-ffc72474ad2b	Traffic Signs	800x600 jpeg	Du kjører i ukjent område og ser et skilt du ikke rekker å lese teksten på. Hvordan kan skiltets for
242	591cf82c-9744-4387-826c-cd30c0ab0882	Traffic Signs	800x600 jpeg	Hvorfor har trafikkskilt ulik form og farge?
243	59c48661-a332-40e2-abd4-2fc78d0a66e7	Road Rules	800x600 jpeg	Når du ser et skilt som viser at veien deler seg, hva bør du gjøre for å kjøre effektivt og sikkert?
244	5a1d8b4f-9861-4e88-9f3c-037003145fe4	Road Rules	600x387 jpeg	Hva er riktig ved stans på motorvei?
245	5a320746-fdd4-4ea9-9f3b-1fcdc1af4f84	Traffic Rules	600x400 jpeg	Bilen kjører i et boligområde og skal svinge til høyre. Hvilken fartsgrense gjelder normalt i tettby
246	5b32e197-bdce-4000-9cc4-3322e2897756	Road Conditions	497x304 jpeg	Hvor lenge kan et registreringspliktig kjøretøy uten lovlige kjennemerker stå parkert på en vei som 
247	5b4e8944-cc31-4514-aad8-92b4234fce66	Traffic Rules	600x400 jpeg	Hva er konsekvensen av å bli tatt for å bruke håndholdt mobil under kjøring?
248	5be687e6-e5cf-4730-a356-d0ab6c7f2b62	Traffic Rules	600x318 jpeg	Er det tillatt å stoppe i en busslomme?
249	5be72246-3f9e-4b0a-809d-ad46aa616a57	Road Rules	640x480 jpeg	Du kjører på denne veien og ser oppmerkningen på bakken. Hva betyr de doble hvite linjene (sperrelin
250	5db26270-de67-45e3-9c3d-5096ffc43f7b	Road Rules	800x599 jpeg	Hva er forskjellen mellom en varsellinje og en kjørefeltlinje?
251	5dc1f503-73d6-45db-a8b0-9a1bf62272bf	Driving Conditions	640x480 jpeg	Hvorfor er det vanskeligere å bedømme avstander når du kjører i mørket?
252	5e31477f-d983-4f63-bb09-c252f610d055	Situations	600x337 jpeg	Hva må du være spesielt oppmerksom på når du kjører ut fra en parkeringsplass som bil A?
253	5e7684d4-1888-4320-87d4-475601841f47	Traffic Signs	284x254 jpeg	Du nærmer deg dette skiltet. Hva betyr det, og hvordan påvirker det vikeplikten?
254	5f0dc9e5-0c44-42e7-b44c-0901a7ab6944	Driving Conditions	600x400 jpeg	Hva er riktig ved kjøring bak en traktor på smal vei?
255	5f212784-b26b-4f82-9853-606698a54863	Speed Limits	600x400 jpeg	Hva er fartsgrensen på en slik landevei i Norge når det ikke er skiltet noe annet?
256	5f574064-d87f-4860-b196-858c98e469e0	Traffic Signs	900x581 jpeg	Hva betyr de gule skiltene med svarte piler på høyre side av veien?
257	5f6536f0-8a62-4d11-837c-cd05551c6ccd	Road Conditions	418x272 jpeg	Hva er forskjellen mellom førerkortklasse D1 og D?
258	5f7eda71-d38d-483c-86b6-4c75d47ec71a	Traffic Rules	600x450 jpeg	Hvilken situasjon tillater likevel å stoppe der 'Stans forbudt' er skiltet?
259	6082b68f-6a4b-4caa-8c62-df5fa487a6f7	Road Rules	800x454 jpeg	Du kjører på en vei i et boligområde som vist på bildet. Hvordan bør du plassere bilen når du nærmer
260	613248a4-038d-4ecd-b70c-402f6aa4d9a5	Speed Limits	600x437 jpeg	Du kjører i 70 km/t og ligger 35 meter bak bilen foran. Er dette sikker avstand?
261	617843b9-cb2c-41a1-9469-2326aea63f69	Traffic Signs	250x250 png	Hva indikerer et blått skilt med hvit P?
262	61c44b5f-6309-47d8-8f7e-241c069d212b	Situations	600x450 jpeg	Hva kjennetegner en trygg kjørestil i snø?
263	63278514-4770-4cdd-9f1a-fbe4dbb892d2	Traffic Signs	900x583 jpeg	Hva betyr skiltet som viser 'E 18 Kristiansand' med blå bakgrunn?
264	63669d7a-7298-4a9e-9f9b-fa7a6d9ed766	Road Rules	800x599 jpeg	Du kjører på en vei med gul sperrelinje. Når er det tillatt å krysse denne linjen?
265	636a8f9b-a629-4945-a7e9-792d996f3af5	Right of Way	600x400 jpeg	Hva gjør du ved utrykningskjøretøy med blålys?
266	63a3a3b8-c465-45ca-bd4e-5e636d6b7ac9	Driving Conditions	900x686 jpeg	Du ser dette skiltet. Hvordan bør du tilpasse kjøringen?
267	63e06e3c-85fd-41bf-bcad-67e70984fbb6	Road Rules	468x312 jpeg	Hva er hovedformålet med vegoppmerking i trafikken?
268	63f828c2-cc63-4f09-b7ca-da29a5274ade	Road Rules	600x400 jpeg	Hva må du gjøre når du nærmer deg et fotgjengerfelt?
269	6428927c-160a-4a4d-ad0c-100d79398223	Traffic Rules	600x435 jpeg	Kan en privatperson stoppe kort ved et taxiskilt for å slippe av en passasjer?
270	6430dc67-d9fa-40dc-b4c9-5e8b9541327a	Safety	800x535 jpeg	Du kjører i 90 km/t. Ifølge formelen for reaksjonslengde (fart delt på 3,6) blir reaksjonslengden 25
271	643e7cbb-2829-456f-a082-40abe8a21b60	Road Rules	800x600 jpeg	Du kjører på en vei med varsellinje (hvit stiplet linje med lange streker). Hva forteller dette deg 
272	64959bfd-5f20-421a-a8b7-53d05ed2e73d	Road Conditions	600x558 jpeg	En bilentusiast ønsker å skifte bremseklosser på sin egen personbil hjemme i garasjen. Hva sier love
273	65a80bcf-1be6-41c2-a393-601de6f4a08c	Traffic Signs	450x600 jpeg	Hva betyr denne skiltkombinasjonen?
274	65c7885e-b43c-4c47-8ba9-a796b86b365e	Situations	800x600 jpeg	Du ankommer et område der passasjerer går av en turistbuss. Hva bør du være spesielt oppmerksom på?
275	65c88a70-e85a-4701-ac3c-2f252282630b	Situations	600x600 jpeg	Hva er tegn på dårlige støtdempere?
276	6625e1a0-d25b-40e4-a8dc-cd617ab7d22b	Traffic Rules	600x600 jpeg	Hva er forskjellen mellom 'stans' og 'parkering' ved et taxiskilt?
277	6667e525-addc-43f7-bc6a-d9c08985c40f	Traffic Signs	600x415 jpeg	Du nærmer deg et kryss med disse skiltene. Hva er korrekt?
278	6688b650-c773-4bf5-9e62-e0e931bbada9	Road Rules	800x599 jpeg	Du nærmer deg rundkjøringen på bildet. Hva betyr vikepliktskiltene du ser foran deg?
279	67d95dda-fca1-439b-88e5-2c36e8cd0314	Traffic Signs	590x426 jpeg	Trafikklyset skifter fra gult til...
280	68374e66-b7c3-43ee-ae62-dff6a4a5d284	Traffic Signs	463x296 jpeg	Skiltet ved bil A viser 'Parkering forbudt'. Hvilken av bilene står lovlig parkert?
281	688155a5-093d-49ce-97ba-797da90a4ecf	Safety	600x378 jpeg	Hva bør du gjøre før du kjører inn i en lang tunnel som denne?
282	68bd1793-5911-4ad0-893c-a3e55ac6d267	Safety	600x389 jpeg	Hva skal kontrolleres i beholderen som symbolet peker på?
283	69b10446-32ff-431d-9ac8-5e937929462a	Road Rules	900x651 jpeg	Du kjører bil og nærmer deg denne trikkeholdeplassen. En trikk har stoppet og passasjerer går av. Hv
284	69b2b9e8-bae5-45bc-ac53-dba66314b1f4	Situations	260x298 jpeg	Bildet viser fire like store figurer i et perspektivbilde. Hvilken figur oppfattes som høyest?
285	69c519fc-59c3-4e5e-8c31-fdd599b6c395	Driving Conditions	800x600 jpeg	Bildet viser en snødekt vei med begrenset sikt. Hvordan bør du tilpasse farten i slike forhold?
286	69f839c1-06ba-446e-ac45-0937358ccae6	Road Rules	600x600 jpeg	Du kommer til en vei med skilt 302 'Innkjøring forbudt'. Hvilke kjøretøy har lov til å kjøre inn?
287	6a1ebb89-27cc-4e7e-b74d-de5ec9d1746a	Road Rules	600x400 jpeg	Hva innebærer begrepet 'pliktmessig avhold' for en fører av kjøretøy?
288	6a78f1e1-200c-4bd9-8348-cc77be2a9faf	Situations	600x400 jpeg	Hva må du ha med i bilen i Norge (anbefalt)?
289	6aec10ad-4dbe-4901-9c1a-b518d9cfe859	Right of Way	600x455 jpeg	Den hvite bilen skal til venstre i krysset, de andre skal rett frem. Hva er riktig?
290	6bcb453a-e509-43ef-89ac-858f134600c8	Safety	800x535 jpeg	Du kjører i 100 km/t. Ifølge formelen for reaksjonslengde (fart delt på 3,6), hvor langt kjører bile
291	6beab9a8-a817-42d6-a4e6-a56fadc684bf	Safety	800x365 jpeg	Hvorfor er det viktig at førstehjelpere på ulykkesstedet vet hvem som frigjør fastklemte personer og
292	6c140067-2b88-43d7-b682-fd89e552cf7c	Situations	388x900 jpeg	Du kjører på en smal vei og møter en lastebil. Det er en møteplass på høyre side. Hvordan bør du kjø
293	6c27c091-d2cb-4a71-a2d2-861a5b010b56	Situations	900x616 jpeg	Du nærmer deg dette krysset og ønsker å fortsette rett frem. Hva må du være spesielt oppmerksom på?
294	6c3882af-0f95-443c-92b3-0cfdfc6740a6	Traffic Rules	600x461 jpeg	På bildet ser du fire biler ved et gangfelt. Hvilken bil har lov til å parkere der den står?
295	6c50dbbf-6f84-4553-92db-5978ad311060	Traffic Signs	900x559 jpeg	Hva advarer dette skiltet om?
296	6c6a19ed-6d77-4f29-bff2-b7fcb7cdc811	Driving Conditions	600x400 jpeg	Hva er riktig ved kjøring mot lav sol?
297	6c752fd0-8866-44e2-a4a2-15d0a0fa340a	Safety	198x130 jpeg	Med de gledene førerkortet gir, følger det også ansvar. Hva er førerens hovedansvar i trafikken?
298	6d0dffbc-a143-4b29-8e37-568171d05835	Road Rules	800x600 jpeg	Du kjører på veien i bildet og ønsker å svinge til venstre. Hva må du gjøre?
299	6d326f80-78bc-4211-8860-70d1432866f5	Traffic Signs	600x342 jpeg	Du ser et skilt med rød skrå strek over blå bakgrunn på bygningen. Hva betyr dette skiltet?
300	6d582407-9dfc-42ee-a1aa-1e0384db5442	Situations	600x400 jpeg	Personen på bildet bruker armbånd og klokke. Hvordan kan smykker og klokker påvirke kjøringen?
301	6d67a7cb-b2b0-4046-a0a5-53170c3e364b	Traffic Signs	600x480 jpeg	Hva er hovedforskjellen mellom 'Stans forbudt' og 'Parkering forbudt'?
302	6dcc0a3b-8696-48ca-bc87-4a4b32b1c34d	Safety	600x480 jpeg	Hva er «defensiv kjøring»?
303	6deca24d-cc23-4c7f-995b-5bb31914f8fe	Road Rules	600x600 jpeg	Du kjører og ser dette skiltet. Hva har du lov til å gjøre her?
304	6f1759cf-a45d-4f1f-a9e9-7d976175c71c	Right of Way	245x600 jpeg	Bil C skal til venstre. Hvem har bil C vikeplikt for?
305	6f26ee24-4a02-40f3-87d1-73804f52410d	Safety	300x168 jpeg	Du kommer til en ulykke hvor en bevisstløs person sitter i bilen. Hvordan sikrer du frie luftveier n
306	6fbe7123-afe0-44fc-a512-cbc2abd1bc91	Road Rules	571x251 jpeg	En person har fått inndratt førerkortet på grunn av promillekjøring. Hvilken paragraf i vegtrafikklo
307	6fe04945-d8eb-4032-b7b6-3d63815b7670	Road Rules	600x337 jpeg	Hva skjer dersom en ledsager mister førerretten i en periode mens de veileder en som øvelseskjører?
308	7078d033-ebbe-40d7-8630-6fdd02c87ab0	Road Rules	800x475 jpeg	Du kjører lastebil i venstre felt på en motorvei med to felt i kjøreretningen, som vist på bildet. D
309	707aa22f-0f3e-48a8-884c-e8c956373ab6	Road Conditions	600x337 jpeg	Hvordan påvirker kjørehastigheten bremsestrekningens lengde når du dobler farten?
310	708f6ecb-910a-459b-8c19-623a2ae700b5	Situations	245x600 jpeg	Hvordan bør du opptre når du nærmer deg en jernbaneovergang som vist på bildet?
311	70e08640-af95-49c1-9126-554139081226	Road Conditions	600x399 jpeg	Hva er hovedformålet med at kun godkjente kjøretøyverksteder kan utføre arbeid på motorvogner?
312	71060c1d-5e26-4ad9-82dd-81ae4fab171c	Traffic Signs	600x466 jpeg	Hva betyr dette sonebaserte trafikkskiltet?
313	71526b51-86c6-4272-a144-17f27e75d249	Right of Way	600x375 jpeg	Hva er reglene for kjøring i rundkjøring?
314	71ac5a4e-9ee8-46cb-8eb9-dcb6d5f0ba1e	Right of Way	600x358 jpeg	Hvem har vikeplikt ved avkjøring fra hovedvei?
315	71d90ee9-fdaf-442e-b2ab-b9a78110fad0	Traffic Signs	450x600 jpeg	Hva betyr dette skiltet med underskilt?
316	727b7fbe-f138-4efc-afa8-c9d649cb4b8b	Speed Limits	600x338 jpeg	Hva er riktig ved buss i 50-sone?
317	72f0f462-79b7-4087-88f0-5e4e6bed6c9e	Right of Way	800x599 jpeg	Hva kan skje dersom vikepliktreglene ikke følges av trafikantene?
318	73a42e5d-7bbb-43e4-bef9-983d7c4547eb	Road Rules	600x383 jpeg	Hva er riktig plassering før høyresving i kryss uten oppmerking?
319	73c736c7-97c3-4718-9850-3ff26db298d7	Right of Way	600x600 jpeg	Hvem har vikeplikt i en rundkjøring?
320	73cb1c01-868b-4d14-913d-dad4dce44eaa	Traffic Signs	800x662 jpeg	Hva betyr skiltet som vises på bildet med en rød pil oppover og en svart pil nedover?
321	74056e93-b811-4893-b823-d3f28bfa3347	Road Conditions	600x480 jpeg	Hva er viktig ved kjøring i høy fart?
322	74204947-133b-4c6a-9721-4ecee72fe282	Traffic Signs	600x600 jpeg	Hva betyr et rundt skilt med rød kant og et tall inni?
323	747f4a50-38c3-4ae6-a608-af01a668f75a	Traffic Signs	900x570 jpeg	Hva betyr det nederste skiltet med '3 t' og lastebil-symbolet?
324	7486509b-3337-4e6c-aace-8f23f5287ba7	Safety	600x339 jpeg	Hva må du være spesielt oppmerksom på her?
325	748a146e-f0d5-42c4-96ef-ab99650aa459	Road Rules	534x401 jpeg	Du kjører forbi et skilt for automatisk trafikkontroll. Hva bør du gjøre?
326	748d24ef-52c1-4cda-95f8-de4837eb6683	Traffic Signs	600x389 jpeg	Hva betyr skiltet du ser til høyre i bildet?
327	74bada40-12e1-4e5c-b10b-858ca33dcd99	Safety	900x670 jpeg	Du kjører på denne landeveien omgitt av skog. Hvilken fare bør du være spesielt oppmerksom på?
328	754aab19-f2c5-46e1-be7d-91de18a2438c	Safety	260x298 jpeg	Hva demonstrerer dette perspektivbildet om visuell persepsjon som er relevant for bilkjøring?
329	768cfea4-7466-47d7-8e8c-1f8e9c230d86	Safety	800x535 jpeg	Ved 50 km/t er reaksjonslengden 14 m og bremselengden 12,5 m. Hvorfor er det viktig å forstå forskje
330	76b6e8c4-2253-4fe4-89a7-1c55bb9af15a	Situations	388x900 jpeg	Du nærmer deg en tunnel og ser et rødt kryss over ditt kjørefelt. Hva gjør du?
331	76ba9c2b-e77e-4e13-aa1f-2b5b965ffbbb	Traffic Rules	600x600 jpeg	Hvem har vikeplikt når du kjører ut fra en parkeringsplass?
332	7772c459-770a-47a8-b6b0-a2814ac81e84	Situations	900x662 jpeg	Du nærmer deg dette lyskrysset og ser at lyset nettopp skiftet til gult. Du kjører i 50 km/t og er c
333	779c7f64-c4c2-41ee-887a-da1ca0b57b33	Road Rules	800x600 jpeg	Du kjører på en motorvei med to kjørefelt i hver retning, som vist på bildet. Når er det tillatt å b
334	784d3b78-09a3-4286-a556-35709fb49991	Traffic Signs	800x600 jpeg	Hva betyr det når et trafikkskilt har rund form med rød kant, slik som skiltet på bildet?
335	7865f044-0b90-48b6-815c-6fbcb7c65fc6	Road Rules	565x302 jpeg	En person kjører bil med en promille på 0,8. Hva er den typiske straffen for dette?
336	7875c750-3a57-411f-885c-00cea63a9f2b	Traffic Signs	525x320 jpeg	Skiltet på bildet viser «Stans forbudt» med pil i begge retninger. Hvilken bil er parkert/stanset i 
337	7887a8bc-4513-421c-a774-5ed848504535	Right of Way	600x337 jpeg	I dette krysset blinker alle trafikklysene gult. Hvilken vikeplikt gjelder for deg (bil B) som skal 
338	78c6dff6-385f-4b9e-9640-d678c5be97a5	Road Rules	800x535 jpeg	Du skal svinge til venstre i første mulige kryss. Trafikklyset viser grønt. Hva må du være særlig op
339	7998c447-5a2a-4930-be4e-9ccf4431e5f2	Traffic Signs	172x173 jpeg	Hva betyr det blå skiltet med hvit pil som peker oppover?
340	7a046435-8d7e-4963-a58d-dd20d7b3ac84	Safety	799x600 jpeg	Du kjører på en smal vei i bratt terreng med autovern på den ene siden og fjellvegg på den andre. Hv
341	7a50ce66-3146-45b3-ba6a-28bbba5925c8	Traffic Rules	600x400 jpeg	Kan du bruke mobiltelefonen til å sende en kort tekstmelding mens du står stille i kø?
342	7a86028c-0d45-45af-b92b-805cb98acb54	Traffic Signs	900x651 jpeg	Hva indikerer dette brune skiltet med symbolene?
343	7ade6741-0694-4042-b86e-a418f9044812	Speed Limits	800x480 jpeg	Hvorfor er det viktig å forstå sammenhengen mellom plassering i veibanen og fartstilpassing?
344	7b1d967c-eb2c-4f18-8b05-8139c905221a	Traffic Signs	900x506 jpeg	Hva betyr det gule skiltet til venstre i bildet?
345	7bacb7f6-67e4-4cc1-962f-9dc9691a4963	Road Rules	800x600 jpeg	Du kjører på en smal vei som denne, med en fotgjenger foran deg. Hvordan bør du plassere bilen?
346	7bb98a1c-280f-4297-98a5-ae53b75ddb03	Situations	600x327 jpeg	Hvordan bør du forholde deg når du nærmer deg en jernbaneovergang med lyssignal?
347	7bc7b525-49c5-44ff-8e8b-b24c4237698a	Traffic Rules	600x318 jpeg	Hva er straffen normalt for å bryte forbikjøringsforbudet i en 60-sone?
348	7be617bc-8d89-495b-82a8-52a11f6232a7	Right of Way	900x600 jpeg	Du står ved rødt lys og ser fotgjengere krysse foran deg. Hva må du gjøre når lyset skifter til grøn
349	7c0c5ab6-7c93-44a0-b6f9-43527ac7bfc8	Driving Conditions	600x592 jpeg	Hva er riktig ved kjøring på vei med løs grus?
350	7c3f7260-7f04-47a1-9f94-ed904cd897f2	Road Rules	571x354 jpeg	Hvordan skal du som bilfører oppføre deg når du nærmer deg en sykkelkryssing som vist på bildet?
351	7c51ba81-1227-42e5-8f3a-6495cfe6d00d	Road Rules	600x450 jpeg	Når du kjører på siden med stiplet linje i en kombinert oppmerking, hva har du lov til å gjøre?
352	7d4f8237-5a25-462b-86ff-bee78824fafb	Road Rules	900x749 jpeg	Hva er funksjonen til personen i gul refleksvest i dette bildet?
353	7f4469e2-ae8c-43c6-a53d-338a4cb2f494	Safety	533x406 jpeg	Du ser dette skiltet. Hvilke forholdsregler bør du ta før du kjører inn i tunnelen?
354	802cac7f-fd89-4753-93cb-de554a4e2969	Right of Way	600x556 jpeg	Du nærmer deg et kryss med dette skiltet. Hva er din plikt?
355	80addd1d-e14b-4d67-b8d3-b9768434e5da	Road Rules	900x759 jpeg	Hva indikerer de hvite heltrukne kantlinjene på hver side av veien?
356	819114ab-2e02-4a0c-a338-75a8d8b9493c	Situations	800x535 jpeg	Basert på bildet: Hvilken faktor kan påvirke din evne til å bearbeide all informasjonen i denne traf
357	819fd8fa-96e3-4dcf-a947-25c7beb3bb98	Traffic Rules	600x600 jpeg	Hvilken fartsgrense gjelder etter at du har passert dette skiltet på en vanlig landevei utenfor tett
358	81e1d519-5606-4a6a-8a04-5fa6e67d38d0	Road Rules	800x600 jpeg	Du ser et gangfelt (fotgjengerskilt og hvite striper) ved siden av vikepliktskiltet. Hva er din plik
359	8221406b-6681-43de-810a-58aae8983293	Road Rules	900x660 jpeg	Du står ved rødt og gult lys. Hva må du forsikre deg om før du kjører når det blir grønt?
360	8244d9c1-5d0f-4bd5-8481-7035f280f01a	Road Rules	640x480 jpeg	På bildet ser du en kombinasjon av sperrelinje og varsellinje (gul midtlinje). Når kan du krysse spe
361	8265dca0-112d-49d2-a9fe-72297e6ff42c	Traffic Rules	376x322 jpeg	Hvor skal du stanse når du møter et stoppskilt med stopplinje?
362	83101823-0c2d-4880-824c-40c6ab533ae1	Traffic Signs	900x575 jpeg	Hva advarer skiltet på høyre side av veien om?
363	83340ef5-00d8-4367-b9c6-d543eee63b9e	Driving Conditions	800x600 jpeg	På denne vinterveien med snødekke og farlig sving, hvilken fartstilpasning er mest korrekt ifølge gr
364	835031a0-9a27-445f-a021-b36ba19c2405	Road Conditions	600x296 jpeg	En verkstedeier ønsker å tilby trimming av mopeder for å øke hastigheten utover fabrikkspesifikasjon
365	835df2ce-fdac-4730-a0fb-190db0fa150a	Road Rules	1080x720 jpeg	Du ønsker å klage på et parkeringsgebyr til tingretten, men klagefristen har utløpt. Under hvilke om
366	837064d2-2d3b-42ce-ac58-750b4fa34bfc	Road Rules	250x167 jpeg	Hva er viktigst før du starter bilen?
367	838bba93-9748-413c-8983-4878592e32dd	Situations	600x600 jpeg	Bilen skal svinge til høyre i krysset slik pilen viser. Hva er viktigst å være oppmerksom på?
368	843502c2-8896-43a8-9189-f1db321b9360	Right of Way	436x600 jpeg	Hva viser underskiltets svarte linje om forkjørsveiens retning i krysset?
369	84c17ad1-9300-4fa6-9f1c-1cfe93a70b79	Road Rules	800x600 jpeg	Hva er forskjellen mellom en sperrelinje og en varsellinje når det gjelder forbikjøring?
370	84daf45a-9904-4477-97fb-842152f37830	Road Rules	600x400 jpeg	Du nærmer deg en traktor med tilhenger som kjører sakte foran deg på en landevei. Hva er viktig å hu
371	85bf78e5-b1a0-496a-be4b-ffc536685a5d	Speed Limits	800x600 jpeg	Du kjører på denne veien uten at det er satt opp fartsgrenseskilt. Hva er fartsgrensen her?
372	85c570a0-b9a5-4125-88db-707765a99f52	Safety	800x535 jpeg	Du kjører på denne veien og ser fotgjengere på venstre side samt trafikklys som viser grønt. Hva bes
373	86a76ac7-a248-43bb-87ff-d3dab978e418	Driving Conditions	600x400 jpeg	Hva er riktig ved kjøring i mørket på vei med mange svinger?
374	86c5e5bb-7cc8-4d7f-be4f-521009bae4ef	Road Conditions	800x535 jpeg	En elektrisk rullestol har egenvekt på 200 kg, lengde 170 cm, bredde 75 cm, og er konstruert for mak
375	872a3de2-b402-485c-8563-51343fabf2f1	Traffic Signs	600x337 jpeg	Hva betyr det gule, rombeformede skiltet som står ved veien i bildet?
376	876e4db0-7603-436e-a93d-569d37e50e57	Speed Limits	800x600 jpeg	Du kjører på en snødekt vei som vist på bildet. Det er ingen fartsgrenseskilt synlig. Hva bør du gjø
377	87b4bceb-9b6d-4c8b-97c4-20532a27f023	Driving Conditions	900x593 jpeg	Hvordan bør du tilpasse kjøringen i denne situasjonen med kraftig regn og våt veibane?
378	87e94853-b8e2-4d46-b008-51013e0bf223	Speed Limits	800x600 jpeg	Du kjører på en vei som vist på bildet. Det er ingen fartsgrenseskilt synlig. Hva er fartsgrensen på
379	88b6b843-e7e4-4ae7-907e-79fed25ddadb	Road Rules	600x416 jpeg	Hva betyr de hvite pilene som er malt i kjørefeltene foran deg?
380	89ac23c4-37f3-44f4-80ea-c8036ed9cf6f	Traffic Signs	800x600 jpeg	Hva viser skiltet på bildet om rundkjøringen?
381	89bd1e32-6385-44a9-82c5-d5afe2f70f24	Situations	600x563 jpeg	Når er det farlig å kjøre med snø på taket?
382	89c9df0a-4acc-4c19-98a2-fb4e00c84331	Situations	475x347 jpeg	Du kjører bil A og skal svinge til venstre inn i veien hvor bilene C, D og E står parkert. Hva må du
383	8a99c55c-0906-40f0-a19e-ab7596da9b72	Road Rules	900x571 jpeg	Du kjører den mørke bilen til høyre i bildet. Hva må du være spesielt oppmerksom på i denne situasjo
384	8a9f7bb8-0340-4dc4-875f-3f124eeac307	Traffic Signs	600x400 jpeg	Hva betyr et rundt skilt med blå bunn og hvit pil rett frem?
385	8ac8621b-281e-4faa-9e07-4f06bacf823a	Right of Way	800x600 jpeg	Du nærmer deg dette vikepliktskiltet. Hva må du gjøre?
386	8ae8d045-15dc-4fbd-976a-7f93c0441df9	Road Rules	900x575 jpeg	Du ser et skilt med rød ring og blå bakgrunn med bokstaven P overstrøket på høyre side av veien. Hva
387	8b07d44f-2423-46fe-aad4-0ce0f57de26a	Traffic Signs	600x466 jpeg	Når slutter en parkering forbudt-sone å gjelde?
388	8b6a3219-ffc4-4700-a9e0-8f82677fddf7	Road Rules	600x400 jpeg	Hvem har myndighet til å fastsette reglene for bruk av utenlandske førerkort i Norge?
389	8bcbc0a1-baed-4859-a049-d7a965a1d906	Safety	600x400 jpeg	Hva betyr rødt "temperatur" varsellys?
390	8c07e499-d667-4855-8ea6-9441c1a16b2a	Situations	600x600 jpeg	Hva gjør du når motoren stopper i kryss?
391	8c6a3bc2-45f2-45e1-b8bc-e6390cae73a8	Traffic Signs	250x219 png	Hva betyr et trekantet skilt med rød kant?
392	8c9d9eac-8ac3-4c04-a6b1-e2dd21bd7e3e	Traffic Signs	600x600 jpeg	Hva betyr et trekantet skilt med rød kant og en sykkel i midten?
393	8d3fd4d7-0a84-4411-baa8-e21b73d28560	Driving Conditions	800x599 jpeg	Du kjører på en svingete vei som vist på bildet, med fjellvegg på høyre side og vann på venstre side
394	8d455597-0153-49e2-9402-16f0d6a55e7e	Traffic Signs	800x600 jpeg	Du kjører på denne vinterveien og ser varselskiltene på begge sider. Hva indikerer disse skiltene, o
395	8d5af5b5-2962-4c74-8f8e-019c959dff83	Right of Way	900x655 jpeg	Du kjører den røde bilen og ser at trafikklyset viser grønt, men en politimann dirigerer trafikken m
396	8e3b1708-d280-4ec3-a936-a0b102fdcd4a	Traffic Signs	250x250 png	Hva betyr et rundt skilt med rød kant og hvit bakgrunn med et tall?
397	8e62bcbc-4ea3-4925-90d6-42194987a142	Traffic Signs	800x600 jpeg	Du ser dette skiltet med et fly og underteksten '100 m'. Hva bør du være forberedt på?
398	8f37e7df-cfb8-40cc-8171-1d2f5da5fd8e	Traffic Signs	900x593 jpeg	Hva betyr fareskilt med pil som svinger til venstre som du ser foran på veien?
399	905510f6-1a71-4c54-9b74-19042bec3c6a	Traffic Signs	900x634 jpeg	Hva betyr skiltet til høyre i bildet?
400	905b4111-79c4-49fb-8c8d-536b6219b800	Safety	800x535 jpeg	Du kjører i 60 km/t og reaksjonslengden er 16,7 meter. Hvordan beregnes dette?
401	90759ec9-1c38-4e36-bc19-adb25ec3f7b1	Right of Way	900x683 jpeg	I denne situasjonen, hvem må vike for hvem?
402	90778080-aace-45a3-b5c6-695de7021518	Traffic Signs	600x600 jpeg	Hva betyr det runde røde skiltet med to biler ved siden av hverandre som henger ved krysset?
403	910c91c9-4315-432b-8dfb-86209dcb3158	Traffic Signs	600x480 jpeg	Hva er "øvelseskjøring" i Norge?
404	919cd0f7-ef82-400c-a6a9-e230fcb0598b	Traffic Signs	600x800 jpeg	Du kjører inn i et område med dette skiltet. Hvilken hastighet er maksimalt tillatt?
405	923e2742-ff72-4641-8d93-ea085ffab028	Traffic Signs	600x341 jpeg	Hva betyr skiltet du ser ved innkjørselen til veien?
406	92ab64d6-c5af-47bd-aab0-186b2facbae1	Right of Way	800x600 jpeg	Du nærmer deg dette krysset. Hva betyr vikepliktskiltet (rød trekant med spissen ned)?
407	92d88658-eab7-4f5d-ad98-05d308392796	Road Rules	600x338 jpeg	Du nærmer deg en buss som blinker ut fra holdeplass i tettbygd strøk. Hva er riktig?
408	93984952-463e-42de-80ba-97d83ad3f2af	Traffic Signs	600x480 jpeg	Hva sier vegtrafikkloven om fører og rus?
409	94e0f961-0c73-4666-afba-175090067da0	Road Rules	800x599 jpeg	Du kjører på veien vist på bildet. Hva forteller de hvite stiplede linjene mellom kjørefeltene deg?
410	954495b8-d472-448f-b913-98772341a8ba	Driving Conditions	600x400 jpeg	Hva er riktig ved kjøring i mørke og regn på landevei?
411	954f085c-7497-42df-aef1-4adc26bc83a9	Driving Conditions	541x391 jpeg	Hvordan bør du tilpasse kjøringen når du ser skilt for smalere vei?
412	95f0cf77-affc-42d4-b4ec-696500055f6f	Safety	250x269 jpeg	Hva menes med bremselengde?
413	9615e0a9-6867-46c7-a9f3-0447540f8469	Situations	264x112 jpeg	Du kjører personbil og møter et tungt kjøretøy i en situasjon der dere begge skal svinge. Hva bør du
414	9620c3be-48b1-4c60-acd8-9980a10745c9	Road Rules	800x535 jpeg	Du stopper varebilen din foran en butikk for å losse varer. Lossingen tar 15 minutter og du står ved
415	9678695f-92de-4ebe-b8d4-e6ddf6fca4f5	Road Rules	900x575 jpeg	Du kjører mot dette fotgjengerfeltet. Fotgjengeren har begynt å krysse veien. Hva må du gjøre?
416	9710637c-c36c-4d62-82f7-8d72aa6bbdfd	Road Rules	800x535 jpeg	Du kjører på en veg med kantlinje som vist på bildet. Når kan du lovlig kjøre på skulderen?
417	97a1d3b0-9a56-44df-9ebd-c4f818f1eaf8	Safety	333x250 jpeg	Hvorfor må ledsager ved øvingskjøring på moped bruke motorsykkel og ikke bil?
418	98e44b0e-0d92-4f0c-b821-c6f1dfcc4ddd	Right of Way	600x349 jpeg	Du skal til din høyre i krysset, syklisten skal rett frem. Hvem får vikeplikt?
419	9907280e-c1d8-46cd-af97-535bd024a483	Right of Way	900x700 jpeg	Du kjører på veien som dette skiltet gjelder for. En bil kommer fra sideveien til høyre. Hvem har vi
420	99623809-b7a4-4dc6-8275-1f6b55effbc9	Road Conditions	600x457 jpeg	Hvilken lampe varsler en feil med bremsene?
421	99b21e05-2aa1-46e7-b38b-9ba37680a5d4	Safety	900x565 jpeg	Hva bør du gjøre hvis bilen din stopper på grunn av motorstopp inne i denne tunnelen?
422	9a0c14ec-9326-4293-8051-30def5e32f1a	Road Rules	1080x810 jpeg	En 16-åring blir tatt for ulovlig kjøring av motorsykkel (som krever fylte 18 år). Når kan han tidli
423	9ab100ec-e7b2-4533-89b3-38de2fc71504	Speed Limits	800x600 jpeg	Du kjører inn i et boligområde og ser dette skiltet. Hva betyr tallet 50 på skiltet?
424	9b01d895-f07f-4916-9d8f-70cad193092d	Situations	600x450 jpeg	Hva er tegn på dårlige bremser?
425	9b67fa27-8ee1-4a11-a983-62c273eb5007	Right of Way	505x378 jpeg	I denne situasjonen ved en T-kryss: Bil B kommer fra sidevei med vikepliktskilt, bil C skal svinge t
426	9c315923-a8d8-4c2e-a1af-a2deb84f82a5	Road Rules	900x559 jpeg	Du kjører den svarte varebilen. Det er en fotgjenger på høyre side av veien. Hva må du være spesielt
427	9c44e9e9-4d7b-4fb4-81e6-412a19142f50	Safety	640x480 jpeg	Hva bør du gjøre når du blir blendet av møtende kjøretøy i mørket, slik bildet viser?
428	9c5efd93-570c-4fbf-a228-7721b479d0a6	Road Rules	800x535 jpeg	Hva er det avgjørende kriteriet for at et område skal regnes som 'veg' i trafikkreglenes forstand?
429	9c678092-9b91-484b-8c24-25bec3a55bb0	Road Rules	800x475 jpeg	Du kjører på en flerfeltsvei som vist på bildet. Hva er riktig plassering når du skal kjøre rett fre
430	9c780ab7-7c41-4811-9c25-527caa662fa5	Road Rules	800x599 jpeg	Hva er forskjellen mellom en varsellinje og en sperrelinje på veien?
431	9d9d3b8e-66f7-4f16-87b8-205409d3767e	Speed Limits	800x600 jpeg	Hvorfor er det viktig å tilpasse farten når du kjører i et byområde som dette med parkerte kjøretøy 
432	9df64b6b-937a-483b-8a2e-8cef5e779729	Safety	644x429 jpeg	Hvorfor er sansene viktige for deg som bilfører?
433	9ede6403-535b-4a13-a248-84190b4f2c24	Situations	600x389 jpeg	Hva er viktig å være oppmerksom på når du kjører på en smal landevei som denne?
434	9f00ede0-a26a-4793-8177-152b26d69c67	Road Rules	900x563 jpeg	Du kjører på motorveien og nærmer deg avkjøringen til høyre. Hva må du være spesielt oppmerksom på?
435	9f160ed6-2315-406f-b58f-9dcab32411cd	Traffic Signs	250x219 png	Hva betyr et vikeplikt-skilt (nedovervendt trekant)?
436	9fded033-7704-4c83-99da-de8630edcd72	Road Rules	600x400 jpeg	Du har fått et parkeringsgebyr og mener det er feil. Du betaler ikke mens du vurderer å klage. Hva s
437	a0a5d265-9786-4c5e-905d-fa4be187b985	Traffic Rules	475x347 jpeg	De parkerte bilene C, D og E står langs en kantstein. Hvilken regel gjelder generelt for avstand mel
438	a0ae6546-6dae-4a17-9abb-c6395aac0183	Road Rules	800x535 jpeg	Hva kjennetegner et fortau i henhold til trafikkreglene?
439	a0b09a49-187a-49ec-be1e-1b96d0770a8d	Traffic Rules	600x400 jpeg	På bildet ser du en fotgjengerovergang (gangfelt) foran syklisten. Hvilke regler gjelder for syklist
440	a0e4e903-42d6-4aab-b320-323541532d32	Speed Limits	800x599 jpeg	Du kjører på en vei som denne, gjennom et lite tettsted med boliger. Hva er viktigst å tenke på når 
441	a10c9735-3691-4b60-966a-acea87ddf5fd	Traffic Rules	600x395 jpeg	Du skal kjøre rett fram. Hva gjør du i denne situasjonen?
442	a132d72f-0e09-4515-bbdf-4533e3bd6689	Traffic Signs	800x599 jpeg	Hva betyr det grønne pil-skiltet (↓) over et kjørefelt på en vei med kjørefeltsignaler?
443	a172ad06-9a42-488e-a1d9-f48f394f1f4c	Road Rules	600x461 jpeg	Hva må du gjøre dersom en trafikkbetjent gir tegn som er i strid med trafikklys eller skilt?
444	a2077c27-299c-4646-bbd5-ad8aa1d06dc3	Right of Way	800x599 jpeg	Hvorfor er det spesielt viktig å være oppmerksom ved venstresving i et kryss som dette?
445	a2653fa3-d87f-4ca6-9c41-7238bd650e57	Safety	900x569 jpeg	Hva er riktig sikkerhetstiltak når du kjører på en snødekt vei som denne?
446	a26b60c2-4ff6-41c4-9c1d-bcdedaf549ca	Traffic Signs	800x600 jpeg	Når du ser et trekantformet skilt med rød kant som på bildet, hva betyr formen og fargen?
447	a2ea1d6c-d4c3-4daf-aa30-fa2e7dc941e5	Road Rules	900x691 jpeg	Hva betyr de gule stiplete linjene midt på veien?
448	a3388cd0-8576-45c0-9968-f37d95288f89	Road Rules	245x600 jpeg	Det er en fotgjenger ved fotgjengerfeltet (ved B). Hvilken plikt har bil C overfor fotgjengeren når 
449	a3b386e0-4bea-4ca7-95db-1947b30d2e7f	Traffic Rules	376x322 jpeg	Hva er straffen for å ikke stoppe ved et stoppskilt i Norge?
450	a44efa6c-258a-4ecb-a6b0-fe89218127e9	Right of Way	600x452 jpeg	Du følger den hvite linjen og skal svinge til høyre. Hva er korrekt?
451	a4a71bba-7916-4681-ab47-8a2d5ffa88d2	Traffic Signs	600x450 jpeg	Hva er riktig ved kjøring gjennom et område med veiarbeid?
452	a4de6217-0ac7-4402-98d2-7825dc24d9f5	Road Conditions	600x600 jpeg	Hvorfor har lovgiver satt en grense på både 125 cm³ sylindervolum OG 11 kW effekt for klasse A1, i s
453	a568c9ae-47d4-477b-a11f-6baa68f2dc85	Road Rules	900x666 jpeg	Du kommer kjørende og ser dette skiltet. Hva må du gjøre?
454	a5a98403-fc4a-489b-9d17-0051bfe94248	Road Rules	900x589 jpeg	Du kjører i midterste kjørefelt. Hva betyr pilmerkingen i veibanen?
455	a5b220b8-ee75-4d78-9b78-f7fc7799ab2e	Traffic Signs	260x194 jpeg	Du nærmer deg et kryss hvor en politibetjent står med én arm hevet rett opp. Hva betyr dette tegnet?
456	a6031682-1c5a-4e50-848e-4331d902dc5a	Road Rules	800x599 jpeg	Du kjører på veien vist på bildet. Hva forteller pilmerkingen i kjørefeltet deg om hvordan du må kjø
457	a6df96b5-76a3-4b81-9e4c-f98bea0797c5	Safety	800x619 jpeg	Hva er den viktigste faktoren for å forebygge at ungdom skader seg selv eller andre i trafikken?
458	a72c697c-042b-450b-8d52-ffb3f02d5626	Traffic Signs	600x600 jpeg	Hva betyr den hvite trekanten med spissen ned (vikepliktskilt) som ses til høyre i bildet?
459	a7480c79-1ad4-4bb9-a636-bded21b69bfd	Road Rules	600x354 jpeg	Har du lov til å stanse i en tunnel?
460	a822cc40-3f95-4951-894f-c9fdd8108c2c	Traffic Signs	600x600 jpeg	Hva er hovedformålet med et underskilt under et fareskilt?
461	a835e496-7fdc-4203-8a4f-08c0a6587e18	Traffic Signs	800x600 jpeg	Du ser dette skiltet med en fotgjenger i en rød varseltrekant og '150 m' under. Hva betyr dette for 
462	a94c7533-c3a7-47d7-8e87-73cd30cb4a29	Right of Way	600x461 jpeg	Du kjører bil A og skal svinge til høyre. Hvem har vikeplikt i denne situasjonen?
463	ab2b9411-8764-404d-bdd4-f1c19182792a	Right of Way	600x337 jpeg	Du kjører bil A og skal svinge til venstre som vist med den røde pilen. Trafikklyset ditt er grønt. 
464	ab9ba513-32c2-4f9e-905e-f52dfefff815	Road Conditions	900x686 jpeg	Hva betyr varsellyset som vises i bilde A?
465	ac350a01-e87b-472b-acd2-5af30135e33e	Safety	600x425 jpeg	Hva er riktig om øvelseskjøring?
466	ac36773a-4de4-426b-a995-cb9bec513087	Road Rules	600x400 jpeg	Hva er riktig ved kjøring når du er usikker på veien videre?
467	ac63e325-28d0-4b1a-9779-57ab7490c2c7	Speed Limits	800x600 jpeg	Du kjører på en smal landevei som denne, med bolighus og gårdsbygninger langs veien. Hva bør påvirke
468	ac7aed1f-0976-40ec-95ff-0fe418eb85ce	Road Rules	900x570 jpeg	Du kjører en personbil og ser skiltene på bildet. Har du lov til å stoppe langs denne veien for å sl
469	ac7b5f16-60dd-4883-b179-d8a08df881a3	Traffic Rules	600x437 jpeg	Du kjører den røde bilen og har grønt lys. Hva er korrekt i denne situasjonen?
470	ac84d219-40ad-41d8-9686-e82c277cc28a	Traffic Signs	800x600 jpeg	Hva betyr skiltet du ser på høyre side av veien?
471	ada804dc-127c-4111-ab31-f70258f90d3a	Traffic Signs	600x562 jpeg	Hva varsler dette trafikkskiltet om?
472	ae300576-78ef-49e8-b2b7-05c9681c8368	Safety	800x600 jpeg	Hva er formålet med varseltrekanten som er plassert i veibanen på bildet?
473	ae8f3500-18f0-4470-8fec-e3ee7b288e85	Right of Way	600x449 jpeg	Du har akkurat passert skiltet 'Forkjørsvei slutt'. Hva gjelder nå i neste kryss uten skilt?
474	aecc39e8-106d-4905-aec9-0f1592773cd1	Speed Limits	600x450 jpeg	Hva er den generelle fartsgrensen i boligområder i Norge?
475	afaca692-e65e-4449-bc20-6cdf0a2849c2	Safety	800x600 jpeg	Hvorfor er det spesielt viktig å holde lav fart når du passerer gårdsbruk og boliger langs en landev
476	afc40df1-2a82-4a33-b9b0-2bd8e6c4db60	Speed Limits	800x535 jpeg	Ved 80 km/t er reaksjonslengden 22 m og bremselengden 32 m. Hva blir omtrent den totale stopplengden
477	b0075a67-93ed-405e-8ad1-8d55e76ab9f6	Road Conditions	600x337 jpeg	Hvilke tre hovedelementer må oppfylle krav for at privat øvelseskjøring skal være lovlig?
478	b028dc23-7165-4505-aaf1-44a9dedaf172	Road Rules	800x599 jpeg	På bildet ser du en syklist på høyre side av veien. Hva er riktig om denne løsningen?
479	b04c7a31-d399-4bf7-86fa-6fa2ce6c2d2d	Road Rules	600x400 jpeg	En passasjer i bilen din har med seg en radardetektor, men den er slått av. Er dette tillatt?
480	b0696104-4e32-4ea4-bb40-1da171f3a72d	Traffic Signs	600x543 jpeg	Hva varsler dette elektroniske skiltet om?
481	b06a2cef-9fea-43e8-9fd5-03cc82d30609	Traffic Rules	586x600 jpeg	Du ligger i feltet lengst til høyre og ser dette skiltet. Hvem har vikeplikt?
482	b0be76a5-7ac4-4f00-ae78-70683301498b	Road Rules	800x535 jpeg	En syklist sykler på vegskulderen. Er syklisten på kjørebanen?
483	b1365fb2-7602-438d-ad18-65af448aaea8	Road Rules	900x680 jpeg	Du skal kjøre mot Fjord. Hvordan skal du oppføre deg i rundkjøringen?
484	b19bb24a-6997-44ce-9058-e456c677663b	Road Rules	450x299 jpeg	Hva forteller den hvite sperrelinjen (sikksakk-mønsteret) på veibanen deg i dette bildet?
485	b1b33285-26e3-448e-9f38-87b9b96a8cdd	Traffic Signs	600x435 jpeg	Hva betyr dette blå skiltet med teksten 'Taxi'?
486	b23330a5-1b6e-4962-87eb-1bea15ff309a	Right of Way	505x378 jpeg	Bil B kommer fra sidevei med vikepliktskilt og skal rett frem. En syklist befinner seg foran bil B. 
487	b268d4fc-5d4b-4f34-b681-6ae54f860617	Situations	800x599 jpeg	Du nærmer deg et boligområde som på bildet. Hvordan bør du bruke blikkføringen for å få best mulig o
488	b28f5022-11c0-4566-95a2-0b99f81fac53	Traffic Signs	483x496 jpeg	Hva betyr pilen som peker nedover under parkeringsskiltet?
489	b2d72ab8-eb36-48da-81fc-2e052f7d78be	Speed Limits	800x535 jpeg	Du kjører på denne veien med grønt lys. Hvilke faktorer må du vurdere når du velger riktig fart her?
490	b2d81714-110a-4ee7-ba5b-a13769ea4a93	Speed Limits	800x600 jpeg	Hva er sammenhengen mellom effektivitet og fart i trafikken?
491	b33f81aa-1a22-416e-aac7-f828415e4483	Traffic Signs	600x388 jpeg	Hva må du være spesielt oppmerksom på når du kjører over denne broen?
492	b3b0f374-d978-4c83-8aa8-fec97f316b2f	Safety	800x535 jpeg	Formelen viser at reaksjonslengde ved 90 km/t er 25 meter (90 ÷ 3,6). Hvorfor er det viktig å forstå
493	b3e90782-f3fd-42d2-a594-d72857b8398e	Driving Conditions	800x599 jpeg	Hva indikerer vanndråpene på frontruten i dette bildet om kjøreforholdene?
494	b493b1c1-d656-4434-af07-6d9dd5b9622a	Driving Conditions	800x600 jpeg	Bildet viser en vei om vinteren med fartsgrense 50 km/t. Hvilken faktor bør du vurdere når du bestem
495	b5648fac-9b16-47e1-9194-e034807144a0	Safety	800x599 jpeg	Du kjører langs en vei med fjellvegg på høyre side og vann på venstre side. Hvorfor er det viktig å 
496	b5cf27ae-aa06-4cd5-aae1-a8e4c22b0520	Traffic Signs	800x480 jpeg	Hva er hovedformålet med skilting av fartsgrenser?
497	b5d6d1ac-db88-4ece-bf33-32429dbbb584	Road Rules	174x137 jpeg	Hva er riktig om bruk av sykkelfelt?
498	b69f991c-0d8c-484b-9a23-bead4c739cf9	Traffic Signs	900x697 jpeg	Hva betyr det øverste skiltet med gul firkant på hvit bakgrunn?
499	b6af1e9d-7c6f-48f8-940d-d1a7cb421d9f	Traffic Signs	600x351 jpeg	Du kjører bil A og nærmer deg krysset med stoppskilt. Hva må du gjøre?
500	b6cca46a-6781-4b1a-be14-bae22feeeadb	Speed Limits	900x698 jpeg	Etter at du passerer dette skiltet på en vanlig landevei utenfor tettbygd strøk, hva blir fartsgrens
501	b7b6f5be-b0f8-43ad-a556-b4c39306fe1b	Situations	800x600 jpeg	Du kjører på E39 og skal til Bergen. Du nærmer deg en rundkjøring. Hvordan skal du bruke blinklyset?
502	b8b7e91f-85cc-4407-ac1a-6dd7ee5a9a19	Traffic Signs	800x600 jpeg	Du ser et åttekantet rødt skilt med hvit tekst. Hva forteller formen deg om skiltets viktighet?
503	b8f4a059-a5eb-4060-aedd-7ff657210f25	Driving Conditions	900x569 jpeg	Du kjører på denne vinterveien. Hva bør du være spesielt oppmerksom på i svingen foran deg?
504	ba4af2c0-7047-4823-b160-c56288cfd1d7	Safety	600x339 jpeg	Hva må du være spesielt oppmerksom på når du kjører i nordiske land?
505	bb1c5b0a-d904-45f2-9d69-8c0444701088	Road Conditions	253x253 jpeg	Hva er forskjellen mellom skarpsyn og sidesyn når det gjelder førerens oppfattelse av trafikken?
506	bb26b096-d410-4a54-8096-e4d9d691cd48	Road Conditions	600x400 jpeg	Hvor ofte bør du kontrollere dekktrykket på bilen?
507	bb5643b0-8004-45a6-bfca-ef082d25bb10	Safety	800x599 jpeg	En grusvei har begrenset sikt rundt en sving, og det ligger en barnehage like ved. Hvordan bør du so
508	bb703524-3f8d-48f8-8af4-209c5805aff5	Traffic Signs	554x425 jpeg	Hva informerer dette skiltet om?
509	bbcdb3c9-8483-4bf1-8164-47b5f5a04b93	Safety	800x599 jpeg	På bildet ser du en syklist på gang- og sykkelveien til høyre. Hva menes med 'sikkerhetssoner' i for
510	bc33a39b-fec3-483d-8702-bd243092b096	Driving Conditions	900x667 jpeg	Det regner og er mørkt som vist på bildet. Hvordan bør du tilpasse kjøringen din ved stoppskiltet?
511	bc5b8b37-89d4-41c6-9773-83b0714ffe17	Speed Limits	600x400 jpeg	Hva er maks fart i tettbygd strøk?
512	bc9b9fe3-1611-4949-8207-b8c16d71756f	Road Rules	800x535 jpeg	Du nærmer deg et gangfelt markert med skilt. Det er mange fotgjengere i området. Hva bør du gjøre fo
513	bcb284d1-d1f3-4c18-8906-6d051a21da1a	Right of Way	600x337 jpeg	Bil B skal svinge til høyre og det er en syklist i sykkelfeltet ved siden av. Hva er riktig handling
514	bd3b4e16-cd81-4620-9e45-ec6501ab1e2e	Right of Way	900x652 jpeg	Lyskrysset viser rødt lys, men det står en politimann og dirigerer trafikken. Hvem skal du følge?
515	bded87c2-751b-452f-8da1-3726f9d3b65a	Safety	600x384 jpeg	Du kommer til et ulykkessted, men ser at det er andre til stede og kjører derfor videre uten å stans
516	be10baef-683d-4d0b-afab-965d3c9fb8b2	Situations	388x900 jpeg	Hva er viktigst å være oppmerksom på når flere kjøretøy møtes i et likestilt kryss som dette?
517	be849e85-1204-456c-884b-7234a8f9297a	Traffic Signs	800x600 jpeg	Hva betyr skiltet som vises i bildet?
518	bef3a254-9d63-40fa-b020-977cd2f89898	Traffic Signs	600x337 jpeg	Hva betyr det gule, rombeformede skiltet som står ved bil B?
519	bf61ba4e-5e63-493b-b4f5-86ea9cd2b822	Road Conditions	418x272 jpeg	Hvilken førerkortklasse trenger du for å kjøre en turistbuss som den på bildet, beregnet for mer enn
520	c0535347-3017-4dd1-b179-30eeb2ed6349	Road Rules	463x281 jpeg	Du kjører på en smal vei og møter et annet kjøretøy. Møteplassen (M) er på motsatt side av veien. Hv
521	c0d77845-c323-4194-bc85-982130ef69a5	Right of Way	483x300 jpeg	Hvem må vente i denne situasjonen?
522	c0f740f6-9efd-499e-bb74-9b60e647f63f	Road Rules	900x581 jpeg	Du kjører på motorveien og ser at den blå bilen foran deg skal ta av i avkjøringsfeltet. Hva bør du 
523	c117683d-694e-4759-ac51-3699f8c3c28e	Traffic Signs	800x600 jpeg	Du ser dette skiltet på en vinterdag. Hva betyr skiltet med X-symbolet?
524	c16074b0-838e-430b-8d6c-e542ef7338f8	Road Rules	800x600 jpeg	Du kjører på denne veien og ser vikepliktskilt (trekant med spissen ned) og gult prioritetsskilt for
525	c199e46a-3a3b-4050-9e9f-2e475f9b7737	Safety	800x535 jpeg	Ved et fotgjengerfelt i 30 km/t er reaksjonslengden 8,3 meter og bremselengden 4,5 meter. Hva blir t
526	c1aa4437-5429-4f40-adfb-60b1ea8f623f	Traffic Signs	468x312 jpeg	Du ser et oransje veiskilt som viser retning til flere destinasjoner med ulike vegnummer. Hva fortel
527	c1aae440-c131-4509-aae8-86ae66c0d298	Traffic Signs	600x600 jpeg	Hva betyr dette skiltet?
528	c1cfdaf6-9552-4805-846d-c0cd40795dc1	Traffic Signs	600x600 jpeg	Hva betyr et rundt skilt med rød kant og hvit bakgrunn med svart bil og motorsykkel?
529	c214e648-6189-4266-bbb9-cd218bee0694	Traffic Signs	900x565 jpeg	Hva betyr SOS-skiltet du ser på veggen i tunnelen?
530	c222f4e5-5e2e-4eb4-b090-b31b2f819c01	Right of Way	600x459 jpeg	Hvilken rekkefølge skal kjøretøyene kjøre i?
531	c2a29907-6700-4cb3-b6ba-935b11aed6c8	Road Rules	800x600 jpeg	På en firefeltsvei som vist på bildet, hvor skal du normalt plassere bilen din når du kjører rett fr
532	c2f35fd8-0312-4094-8f86-b8f771322c57	Road Rules	600x540 jpeg	Du kommer til et stoppskilt om natten med dårlig sikt. Hvor skal du stanse kjøretøyet?
533	c35470f5-0294-4a03-9913-3321ab38fa08	Road Rules	172x172 jpeg	Hva er riktig ved kjøring i rundkjøring—bytte felt inne?
534	c377ce60-8a77-4f2a-ab53-41cded84251d	Traffic Rules	600x283 jpeg	Hva er hovedregelen når du nærmer deg et gangfelt med bil?
535	c4116877-903b-4395-863f-1bde0dcb2028	Driving Conditions	800x600 jpeg	Bildet viser en snødekt svingete vei uten synlig skilting. Hvilken påstand om fartsvalg er mest korr
536	c45911f7-a7c4-4f45-b5d8-0662fb258de4	Situations	800x600 jpeg	Du nærmer deg en fotgjenger som går på høyre side av veien uten fortau. Hva er riktig fremgangsmåte?
537	c4e0daa2-9035-413a-a7dd-46adbf8f8587	Traffic Rules	600x318 jpeg	Du nærmer deg en møtende bil på denne veien med 60-sone og forbikjøringsforbud. Hva er viktigst?
538	c54725fe-071a-4c25-8635-3ecea5c30ba3	Situations	600x450 jpeg	Hva gjør du ved bilulykke med personer fanget?
539	c56b7f8f-0324-49fc-bcfb-fb118be165b4	Safety	800x600 jpeg	En lastebil som den på bildet blokkerer delvis sikten din i et tettbygd strøk. Hva bør du gjøre for 
540	c5975377-b087-4ca8-bbdd-83ac5d15f070	Road Rules	800x535 jpeg	Ifølge definisjonen av 'veg' i trafikkreglene, hvilke av følgende områder regnes som veg?
541	c5ac685d-be66-4397-bf61-5a61b66ccf24	Traffic Signs	600x600 jpeg	Dette skiltet viser avstand 400 m. Hvilke fasiliteter kan du forvente å finne der?
542	c5f7a739-3c3b-4bcd-bfd3-262e1e76022c	Situations	800x600 jpeg	Du ser en person med bagasje som krysser veien ved en turistbuss. Hva er riktig handling?
543	c68fa941-ffc2-41cb-8c0c-29291be7e8e4	Driving Conditions	600x400 jpeg	Hva er riktig ved kjøring i kraftig sidevind med tilhenger?
544	c6afde35-827b-4d4c-854e-0a25c2ab3172	Traffic Rules	475x347 jpeg	Hvilke av bilene på bildet står ulovlig parkert?
545	c719c59e-70d7-4651-bbea-451b390a0f64	Traffic Signs	542x404 jpeg	Hva betyr det øverste symbolet på dette skiltet?
546	c7914e18-d141-40d6-8599-b4aae01cfc8c	Safety	800x510 jpeg	Hva menes med begrepet 'kjøredyktighet' i trafikksikkerhetssammenheng?
547	c7c4fed7-1f55-408b-a8bd-24118db204e6	Road Rules	800x535 jpeg	Du ser en person i rullestol på fortauet som i bildet. Hvem har fortauet primært som ferdselsområde?
548	c927a70d-038c-4502-abae-22882da30c56	Road Conditions	600x600 jpeg	Du skal kjøre en lengre tur. Når må du kontrollere at kjøretøyet er i forsvarlig stand?
549	c930560b-16a6-4d17-b03a-d5727bd22b1f	Safety	800x535 jpeg	Ved 40 km/t er reaksjonslengden 11 m og bremselengden 8 m. Hva blir den totale stopplengden, og hvor
550	c9589d76-6102-4240-92f1-30e13d0d27d8	Traffic Signs	600x600 jpeg	Hva betyr skiltet du ser til høyre for veien?
551	c988df7b-f55b-4eab-821a-f5d9f0910944	Situations	800x535 jpeg	Du nærmer deg gangfeltet som er synlig i bildet. Hvordan bør du forberede deg på å kunne stanse?
552	ca019dab-1a15-4c24-be1d-42ba5f0139e7	Road Rules	800x600 jpeg	På bildet ser du en vei med hvite oppmerking. Hva betyr den hvite stripede linjen i midten av veien?
553	ca5b9110-ad4f-47db-bdc6-e7313f1b747a	Road Conditions	600x400 jpeg	Hvorfor kan en motorvogn IKKE registreres uten gyldig forsikring?
554	cac4032e-4c2a-4beb-b707-2a196c6a7e48	Situations	600x461 jpeg	Hva er viktigst å gjøre før du svinger ut fra sideveien som bil A?
555	cb0de2f7-ad2c-4de2-a291-65e2e2f7cd5a	Traffic Signs	405x237 jpeg	Bildet viser også et 'Stans forbudt'-skilt. Hva er forskjellen mellom stans forbudt og parkering for
556	cc2ec6d6-b6dd-4bb5-b7d1-7ec438f6ef97	Road Rules	600x464 jpeg	Du må stoppe for å slippe av en passasjer. Kan du stoppe ved dette skiltet?
557	cc3a4dd1-c00d-42d1-bb09-b0c79410638d	Road Conditions	800x535 jpeg	En person i rullestol beveger seg på fortauet. Hvordan skal du som bilfører forholde deg til denne p
558	cc484185-30e7-49be-b7aa-0278074f4ced	Road Rules	800x535 jpeg	Du kjører på en vei som vist på bildet. Hva er hovedregelen for plassering i kjørebanen når du møter
559	cc96303d-244f-42a2-8872-2c6398f168c4	Situations	600x450 jpeg	Hvorfor er oppvarmingsperioden viktig i kaldt vær?
560	cc9cbe13-daf9-44ca-80b6-1718269d57ee	Traffic Signs	600x400 jpeg	Hva betyr et trekantet fareskilt med et utropstegn?
561	ccd0e6d3-d0b4-45e8-9107-98927e438811	Traffic Signs	900x592 jpeg	Hva betyr det røde og gule lyset som vises samtidig i trafikklyset?
562	cd542465-9b67-408b-b113-a17bac76727b	Road Rules	600x480 jpeg	Du blir stanset i en vanlig trafikkontroll. Kan politiet be deg ta alkotest selv om de ikke har mist
563	cdbf7815-c230-4b66-9fe2-a50d04ad8b34	Right of Way	800x599 jpeg	Du skal svinge til venstre i et veikryss. Hvilke trafikanter har du vikeplikt for?
564	ce240f06-6e83-449c-b2cf-969e6be2351a	Safety	600x400 jpeg	Hvorfor er det viktig å unngå håndholdt mobilbruk under kjøring?
565	ce386393-4aff-467c-bdef-94750079599e	Situations	600x445 jpeg	Hva er riktig ved lading av elbil underveis?
566	ce7d4064-f5fe-4290-93bb-287175965d71	Road Rules	800x535 jpeg	Hva er definisjonen på et vegkryss ifølge trafikkreglene?
567	ceb7c641-0c0a-4d59-9af7-73fe85458a46	Traffic Rules	600x401 jpeg	Du nærmer deg utkjøringen fra en parkeringsplass og ser pilen i kjørebanen samt 'innkjøring forbudt'
568	cedd2fdd-0336-4fa6-abcb-3d09cdc8af2c	Road Rules	198x130 jpeg	Hva er en viktig fordel med å ha førerkort når det gjelder arbeidsliv?
569	cf0a94dc-c714-4b2d-a1e1-3f222b56fd73	Road Rules	454x401 jpeg	Hvor nær et gangfelt er det tillatt å parkere?
570	cf56fd0a-96e6-44a0-a9dc-98fe1da423db	Road Conditions	900x686 jpeg	Hvilket varsellys indikerer at kjølevæsketemperaturen er for høy?
571	cf8f2a49-3b9d-47e8-984a-083a3e0e4436	Traffic Rules	600x450 jpeg	Hvor langt gjelder skiltet 'Stans forbudt' normalt?
572	cfaa5620-c6c2-48cf-861d-29aa28783d8b	Road Rules	900x651 jpeg	Du kjører og ser dette skiltet. Hva bør du gjøre hvis du ønsker å besøke dette stedet?
573	cfbe5361-32a5-44fc-88a9-0072e663819e	Traffic Rules	600x318 jpeg	Hvor langt gjelder forbikjøringsforbudet som er skiltet på dette stedet?
574	cfd3be50-cbfd-4c2f-aef1-f5d57e254dfe	Safety	900x713 jpeg	Du ser dette skiltet på en landevei. Hvordan bør du tilpasse kjøringen?
575	d042393a-0c68-41da-b034-e450a85aa9b7	Driving Conditions	900x667 jpeg	Veibanen ser våt og mulig glatt ut i dette vinterværet. Hvordan påvirker dette bremselengden din?
576	d05ba1f7-d79c-40d6-aa5e-52a5e51d59ea	Safety	600x543 jpeg	Du ser dette varselskiltet på motorveien. Hva bør du gjøre?
577	d0892ae9-fb08-4977-bdc0-c0c52afbdbf9	Situations	900x506 jpeg	Du kjører på denne veien og ser skiltene samt veiarbeid fremfor deg. Hva bør du gjøre?
578	d0b17023-e32a-4079-927b-a554321504e3	Road Rules	800x600 jpeg	Du kjører på forkjørsvei og forkjørsveien svinger til venstre. Hva er riktig bruk av blinklys?
579	d1109fa7-6ee0-46f9-8da6-e6285f2d60bb	Speed Limits	900x555 jpeg	Du passerer dette skiltet på en landevei utenfor tettbygd strøk. Hva er høyeste tillatte hastighet e
580	d11d7c3f-6964-46dd-a28b-9af27d8b1a6a	Road Rules	516x377 jpeg	Du kjører en lastebil med boggivekt på 12 tonn. Hva må du gjøre ved dette skiltet med underskilt som
581	d187e18c-31da-40fe-a1ba-f5253d4c6505	Traffic Signs	284x254 jpeg	Hvilken farge og form har fareskilt i Norge, slik som skiltet som varsler om vegkryss?
582	d1b70896-31e6-47be-8d9b-532e3485eed9	Traffic Signs	600x318 jpeg	Hva betyr 60-skiltet som er satt opp her?
583	d1fc37dc-dcfd-4deb-9682-3169a913cbd6	Road Rules	600x480 jpeg	Du har kjørt bil og blir involvert i en trafikkulykke. Politiet er på vei. Når kan du tidligst drikk
584	d236ac46-93a7-4654-ab87-d5ddc6809775	Traffic Signs	250x219 png	Hva betyr skiltet med to piler som peker mot hverandre?
585	d254f3d8-fa76-4060-a660-d0b0548468d9	Road Rules	529x408 jpeg	Du kjører lastebil og ser dette skiltet. Hva må du gjøre?
586	d295adf2-f486-49c1-87e3-da65318cfb94	Road Rules	640x480 jpeg	Hva er forskjellen mellom varsellinje og sperrelinje, og hvordan påvirker dette din kjøring i situas
587	d2dbb825-d386-44b4-98a1-5a3cd0d461cb	Road Rules	900x759 jpeg	Hva betyr den hvite stripete linjen i midten av veibanen?
588	d2eedc56-59f0-48df-94f6-bdd8784119d7	Safety	287x370 jpeg	En 16-åring sitter i baksetet uten bilbelte. Hvem kan holdes juridisk ansvarlig ifølge vegtrafikklov
589	d425286f-01da-4ddd-ab3c-df6ee40d2661	Safety	800x600 jpeg	Hvilken betydning har motivasjon og følelser for kjøreprosessen?
590	d437666e-e2cc-4161-b0bc-58e1fc21baed	Situations	600x400 jpeg	Hva gjør du når bremsene svikter?
591	d4e1418a-affb-42ef-ac42-d4837f4f442e	Driving Conditions	900x589 jpeg	Du kjører på denne vinterveien med fartsgrense 50 km/t. Hvordan bør du tilpasse kjøringen?
592	d5493dc1-88ae-4a97-a973-e0e2b3da8989	Road Rules	600x400 jpeg	Hva skjer vanligvis dersom en person som tidligere er straffet for promillekjøring, blir tatt på nyt
593	d5d04e4b-b1ee-4131-b85b-88d28960139a	Traffic Rules	600x447 jpeg	Du kjører på denne veien og vurderer en forbikjøring like før bakketoppen. Hva er korrekt?
594	d60b24cf-942a-45a4-8292-9e55d8d08b70	Right of Way	640x480 jpeg	Du ser skiltet «Kryssende trikk». Hvilke regler gjelder når du nærmer deg et område der trikk krysse
595	d64394e8-2fb1-459b-9981-c4cc582ddbe8	Situations	800x599 jpeg	Du kjører på en smal fjellvei og møter et stort kjøretøy som kommer mot deg. En bil står parkert på 
596	d665fa3d-b5ef-464d-a24b-04d7d11c3053	Right of Way	800x599 jpeg	Du nærmer deg dette krysset og ser vikepliktskiltet. Hva må du gjøre?
597	d6799990-4cb0-489d-957a-f40867c7d501	Traffic Rules	600x461 jpeg	Hvor langt foran et gangfelt uten trafikklys er det forbudt å stanse?
598	d6e1dccb-4a02-4a9a-815a-c73a796c01ff	Safety	600x400 jpeg	På en strekning som er merket som ulykkesutsatt, hva er den viktigste årsaken til ulykker statistisk
599	d6f4a3f6-c801-4f14-96a9-2a7436da9015	Road Rules	800x535 jpeg	Hvilke metoder kan brukes for å skille en gang- og sykkelveg fra annen veg?
600	d764bfa2-6c6c-4d57-8f64-a72fe11f314a	Safety	600x357 jpeg	Hva bør du gjøre hvis bilen din får motorstopp inne i en tunnel?
601	d792e15a-2b9f-464b-9721-c53ccba98ab0	Right of Way	900x834 jpeg	Du nærmer deg et veikryss og ser dette skiltet. Hva må du gjøre?
602	d7acc8e4-2f24-4582-bb7e-c49508039d75	Road Rules	800x599 jpeg	På bildet ser du en vei med gul sperrelinje. Hvilken situasjon ville gjort det lovlig å krysse denne
603	d7e2779b-cee5-4ea8-bc0c-4ae286c9a8a6	Safety	900x675 jpeg	Du kjører en høy varebil og ser dette skiltet. Hva bør du gjøre?
604	d86848fe-969c-42e3-ac4c-cc347ff87829	Safety	900x588 jpeg	Du nærmer deg en tunnel og ser at begge kjørefeltene har rødt X. Hva gjør du?
605	d89bd85a-be87-46b2-bc8e-8a58beee8d98	Road Rules	600x450 jpeg	Hvilken av følgende situasjoner er IKKE nevnt i vegtrafikkloven § 21 som grunn til at en fører kan v
606	d8a895ab-5836-439a-84fd-07cc366a8671	Road Conditions	600x400 jpeg	Du har lånt en venn sin bil for en lengre periode. Politiet krever at bilen fremstilles til kontroll
607	d8f8adcf-12d0-431d-b75d-5be6b0482f85	Traffic Signs	405x237 jpeg	Hva betyr skiltet 'Sone 1' med fartsgrense 30 som vises på bildet?
608	da3ac3a9-c76e-4169-8b9e-7f775b87c521	Traffic Rules	600x450 jpeg	Er det lov å stå stille i bilen for å vente på en passasjer der dette skiltet står?
609	da6f2785-8718-47de-bef6-745999f043c0	Safety	800x599 jpeg	Du kjører på en landevei som på bildet. Hvorfor er det viktig å se langt frem og bevege blikket?
610	db890f0c-49fb-4e00-9167-f9fe1487766b	Traffic Signs	600x455 jpeg	Hva betyr det trekantede skiltet med spissen ned som den røde bilen nærmer seg?
611	dbe20466-6b92-4a58-9fc6-77531a72c473	Road Rules	600x375 jpeg	Hva indikerer de røde og hvite barrierene i dette bildet?
612	dc345f0d-b5bd-4b2a-add6-c2dd61c0d569	Traffic Rules	600x399 jpeg	Hvor ofte må førerkort fornyes i Norge (vanlig klasse B)?
613	dc4ccd32-f87d-4eac-959f-785b12f74750	Situations	600x450 jpeg	Hva er «blanding» av nysne og is farligst?
614	ddb20d53-d197-4ee4-98ad-7f696b988621	Situations	900x576 jpeg	Du ser en ulykke på motsatt side av veien. Hva bør du gjøre?
615	ddbffdb4-2d4e-4703-8a83-37158ab495ea	Traffic Signs	900x675 jpeg	Hva betyr dette elektroniske varselskiltet?
616	de7c649a-fdb0-44ef-8b83-ca517888f66f	Safety	364x283 jpeg	En yrkessjåfør skal kjøre lastebil etter å ha drukket alkohol kvelden før. Hvilke paragrafer i vegtr
617	df03ace0-ee26-4676-b822-1305ca7ed962	Road Rules	800x528 jpeg	Hva menes med en planovergang?
618	df10ef33-41c3-4455-b685-08831bd0c509	Road Conditions	600x249 jpeg	Hvilke av følgende er et lovpålagt krav til en bil som skal kjøres på offentlig vei?
619	df76a3fd-0594-47d6-b4b3-f87184b94bb6	Road Rules	600x400 jpeg	Når må du senke farten ved et fotgjengerfelt?
620	df9f1b0e-3ad8-4d92-841e-e7dd7fd57304	Road Rules	600x400 jpeg	En utenlandsk sjåfør begår en alvorlig fartsoverskridelse i Norge. Hvilken hjemmel gir norske myndig
621	dfdffb35-6594-4a5b-99d6-36b0fbf5b786	Road Rules	600x450 jpeg	Hva indikerer den kombinerte linjen (heltrukken og stiplet linje) på veien?
622	dff27698-9a18-4e35-a9b9-2a21133779dc	Traffic Signs	800x600 jpeg	Hvorfor har trafikkskilt forskjellig form og farge?
623	e02c87d2-caed-4be9-b908-917153336367	Speed Limits	800x600 jpeg	Du ser dette skiltet med tallet 30 i rød sirkel. Hva betyr dette?
624	e0c6df73-32fe-464e-a83b-018e22fd8263	Traffic Signs	900x652 jpeg	Hva betyr de blå skiltene med hvite piler som vises i dette krysset?
625	e268ea31-9bd9-4520-b6d2-74c0b2d88602	Situations	800x600 jpeg	Du kjører i denne situasjonen og ser et skilt med «no parking» (rød ring med blå bakgrunn og kryss).
626	e2a6b087-eb9c-46cf-9e81-418f35f88589	Traffic Rules	475x347 jpeg	Hvor langt fra et veikryss er det generelt forbudt å parkere i Norge?
627	e2bc166b-33f0-410f-98c4-5a5e9faf5db8	Situations	800x599 jpeg	Du kjører på denne veien med våt asfalt og ser et veikryss forut. Hvilke farer bør du være forberedt
628	e2c1fd43-6d13-4c89-b4c5-268604466e25	Traffic Signs	900x686 jpeg	Hva betyr dette trafikkskiltet?
629	e322300c-0d35-400b-92c9-9d298013175e	Situations	600x450 jpeg	Hvordan bør du tilpasse kjøringen når du ser dette skiltet?
630	e44e564e-c386-407c-8d99-134d05be7c3b	Traffic Signs	799x600 jpeg	Du ser et trekantet skilt med rød kant som på bildet. Hva forteller formen deg om skiltets funksjon?
631	e474018e-0fde-4b9a-a042-7f7964c8feb1	Road Rules	800x600 jpeg	Du kjører på en vei med gul midtlinje. Hva er hovedforskjellen mellom gul og hvit midtlinje?
632	e555db69-99ca-400b-b70e-92b974cede23	Road Rules	800x535 jpeg	Du ser på bildet en vei med flere felt. Hva definerer et kjørefelt ifølge trafikkreglene?
633	e5c67fc4-e788-48e9-a21d-e3e75bf792de	Safety	600x400 jpeg	Hvorfor er trøtthet farlig bak rattet?
634	e61f8dd3-bdd1-414d-83b7-95d4ae203573	Road Rules	800x600 jpeg	Du kjører på en vei hvor skiltet viser at veien deler seg. Hvordan bør du tilpasse farten for å kjør
635	e6747fca-7579-4f5d-aec5-57eb2392b90f	Speed Limits	800x600 jpeg	Du kjører på en vei som vist på bildet med fartsgrense 60 km/t. Hva er sammenhengen mellom fart og e
636	e6b65e32-719d-4df5-bf69-ccae66e49746	Right of Way	900x689 jpeg	Du kjører bil A og skal svinge til høyre inn på hovedveien. Bil B kommer fra høyre og skal rett fram
637	e6d37895-a2e5-4586-a878-afc3744052df	Safety	800x746 jpeg	Kjøredyktighet handler om mer enn bare tekniske ferdigheter. Hvilken kombinasjon beskriver best hva 
638	e6ec79cc-7bcf-4e81-8bb3-aabc4911e381	Driving Conditions	900x662 jpeg	Hva må du være spesielt oppmerksom på når du kjører i regn som vist på bildet?
639	e71607c9-e07d-4112-a14d-db73bfbfc208	Speed Limits	600x400 jpeg	Hva er maks hastighet med tilhenger uten godkjenning?
640	e7ac5eb3-6789-4157-9ba9-51dce48376c0	Situations	900x749 jpeg	Du nærmer deg denne situasjonen. Hva bør du gjøre når betongbilen svinger inn til byggeplassen?
641	e7eb1c88-9f19-42e5-9aa4-ed885aa1c585	Safety	800x535 jpeg	Hvorfor brukes tallet 3,6 i formelen for å beregne reaksjonslengde?
642	e8117318-742b-4af8-abed-0be8b4179a4a	Traffic Signs	600x337 jpeg	Hva betyr blinkende gult lys i et trafikklyssignal?
643	e814b3e9-233d-4a1a-9ee1-39bad6a08e4f	Right of Way	600x450 jpeg	Hva er riktig når du kjører ut fra privat eiendom?
644	e917dfce-b086-4145-bf99-ae91be3e3048	Road Conditions	600x400 jpeg	Hvorfor stiller vegtrafikkloven særskilte kvalifikasjonskrav til sjåfører som kjører mot betaling, s
645	e9392ba0-e3e8-4315-97ba-29ac28aad041	Road Rules	900x583 jpeg	Du kjører i høyre felt og skal fortsette rett fram mot Kristiansand. En bil i venstre felt skal til 
646	e986a654-5bed-47f9-b274-51f58ff1168d	Speed Limits	800x600 jpeg	Du kjører i et boligområde som dette. Hvilken fart bør du velge når du nærmer deg en uoversiktlig sv
647	ea83cd64-c14b-4da5-9311-42318a62101b	Traffic Signs	538x418 jpeg	Hva slags skilt er det nederste skiltet (det hvite skiltet med kryss-symbol)?
648	eb2923fa-23c3-41a0-904d-0fe057758e67	Road Rules	443x419 jpeg	Hva er riktig ved felt som opphører?
649	ebb02331-e97c-452e-86ca-65d6e7134dc3	Traffic Rules	600x400 jpeg	Hva sier reglene om bruk av mobiltelefon under kjøring?
650	ec5a0ed6-7c70-4f8c-99d2-e5dc26a4f345	Safety	418x272 jpeg	Hvordan bør du som personbilfører samarbeide med en turistbuss i trafikken?
651	ec84cb84-5f7f-4d1c-b88b-1cf6992d1a74	Right of Way	92x92 jpeg	Du kjører på veien som går rett fram og ser dette skiltet. Hvilken vikepliktregel gjelder for trafik
652	eca80322-2ab5-40b5-af41-7d039e981cd6	Traffic Signs	900x571 jpeg	Hva betyr de røde og hvite skiltene med tallene 4,2m og 4,1m som er plassert ved undergangen?
653	ecbe5ce6-ceea-4ac2-9e40-9a2d5fe6bb9e	Road Rules	800x662 jpeg	Basert på bildet, hva er formålet med den gule langsgående vegmerkingen i midten av veien?
654	ecfc29f7-c401-4879-bc7d-38ad85770677	Right of Way	600x337 jpeg	Du kjører bil B og skal svinge til høyre. I hvilken rekkefølge må du gi vikeplikt?
655	ed669ae9-69c3-4436-890e-8a30b9c5664e	Traffic Signs	900x577 jpeg	Hva betyr det røde og hvite skiltet du ser på venstre side i bildet?
656	ee3747f1-edb5-4af8-bfbc-45b6df02a3af	Road Rules	600x370 jpeg	Du låner bort bilen din til en venn. Bilen har defekte bremselys som du er klar over. Hvem har ansva
657	eedce548-5a6b-4494-88cc-c53432284e27	Road Conditions	600x400 jpeg	Når bør du bruke vinterdekk på bilen?
658	ef0d65a6-9d94-4212-af56-83d2eea55e0a	Traffic Signs	600x600 jpeg	Hva betyr skiltet med en bil og motorsykkel ved siden av hverandre i rød sirkel?
659	ef0ee7c4-8405-46c2-820d-316e293895c6	Road Rules	600x461 jpeg	I krysset står en trafikkbetjent med utstrakte armer mot bil A og bil C, og sidene mot bil B og bil 
660	ef498bae-86a8-45ed-a09f-6aeb68b7459a	Safety	600x400 jpeg	Hvorfor er det viktig å ta pauser på lange kjøreturer?
661	efcf1307-469a-4a51-a291-2ef90f0e913e	Safety	800x535 jpeg	Ved 20 km/t er reaksjonslengden ca. 5,5 meter. Hva skjer med reaksjonslengden hvis du dobler farten 
662	f027d3fd-bc6f-4530-a212-a6c015e977c1	Traffic Signs	600x450 jpeg	Hva betyr skiltets symbol med en sirkel og piler?
663	f044352a-bc1a-4a5e-a267-673aaf0036f8	Traffic Signs	600x600 jpeg	Hva viser de hvite skiltene med pil til venstre langs veien?
664	f05e0eef-67a0-44f3-991b-c566fcf87b6d	Road Rules	600x450 jpeg	Hva er riktig ved kjøring når veien smalner?
665	f08447d9-fd46-48dc-8957-39f0f280387a	Traffic Signs	388x900 jpeg	Hva betyr det blå skiltet med hvit pil som vises i bildet?
666	f0eeaeb9-381a-42be-bdf6-5a90d9bb1cd8	Traffic Signs	600x325 jpeg	Hva betyr portalskiltet over motorveien?
667	f1764042-0366-4c3e-8915-5bb1248b1c02	Right of Way	600x400 jpeg	Hvem har vikeplikt når to biler møtes på en smal vei?
668	f1cabb7c-7cda-488b-a486-3776293036bb	Road Rules	800x535 jpeg	Hva er et sykkelfelt?
669	f1d6bcb2-70d0-41ba-97fb-a1a559534f1a	Road Rules	506x322 jpeg	Hva er forskjellen mellom 'tap av førerrett' (§33) og 'tilbakekall av førerrett' (§34) i vegtrafikkl
670	f2bc05c0-3907-440f-b98a-f2322c1ea9ae	Traffic Signs	900x588 jpeg	Hva betyr de røde X-skiltene over kjørefeltene ved tunnelinnkjøringen?
671	f358d39b-9eef-43ce-bf02-9519cf660d3b	Safety	800x600 jpeg	I bildet ser du et boligområde med barn i nærheten (sykkel synlig). Hva er viktigst å være oppmerkso
672	f38de6f0-620e-4293-b961-e180e402f315	Speed Limits	800x432 jpeg	Du kjører inn i et tettbygd strøk uten at det er satt opp noe fartsskilt. Hva er fartsgrensen?
673	f4281c65-a06a-4716-b9f8-4f9ac22cff2b	Traffic Signs	600x480 jpeg	Forkjørsvei er definert av skilt. Det gule rombeskiltet viser at du kjører på en forkjørsvei, og at 
674	f430c52b-c4b8-4dbf-a74a-4e8cf27ad320	Safety	800x662 jpeg	Bildet viser flere kjøretøy på en vei. Hva bør føreren av den mørke bilen i front gjøre for å oppret
675	f47d2a04-dd7a-4f24-a027-5eef33c0e77c	Traffic Signs	314x459 jpeg	Hva betyr dette parkeringsskiltet med tidsangivelsene '09-16' og '(10-12)'?
676	f4a0e460-d6fa-4351-bf8b-7067d147df1b	Speed Limits	600x400 jpeg	Hva er generell fartsgrense i tettbygd strøk hvis ikke annet er skiltet?
677	f4c169fe-01ca-4444-a3fb-3fdcc355cfa8	Traffic Signs	600x480 jpeg	Hva betyr varsellys "ABS" på dashbordet?
678	f6f07fd0-5753-459f-9e07-9127c112f84d	Safety	504x350 jpeg	Hvorfor er førstehjelpskunnskap viktig for alle bilførere?
679	f7980fa6-a4a5-4fc6-a1b4-6e63a8f42cf4	Road Rules	600x400 jpeg	En person uten førerrett blir mistenkt for promillekjøring. Hva kan politimesteren bestemme, og hvor
680	f7b6f24c-1683-4124-87ac-e14be574431a	Traffic Signs	800x599 jpeg	Hva betyr skiltet med U-sving i rød sirkel som du ser på bildet?
681	f7fcb780-4bb0-4e2f-9242-06c3a8fdf62e	Traffic Rules	600x342 jpeg	Du kjører i en bygate med boliger og forretninger som vist på bildet. Hva er fartsgrensen hvis ingen
682	f80aabca-5885-4702-a8ab-7b7e5f7e9d26	Road Rules	640x480 jpeg	Du kjører på en vei med gul midtlinje som vist på bildet. Hva er hovedforskjellen mellom gul og hvit
683	f83400b6-046c-4269-9042-042c9d15f699	Road Conditions	600x400 jpeg	Du har nettopp kjøpt en bruktbil. Hva er din plikt som ny eier når det gjelder registrering?
684	f85787d3-fb6a-4251-a8b4-feede62abfcd	Traffic Signs	800x600 jpeg	Du ser skiltet 'Fartsdempere' sammen med et faresymbol. Hvorfor er fartsgrensen satt til 30 km/t her
685	f864096e-266c-4748-bf9d-322037d81cb9	Right of Way	800x535 jpeg	Du kjører på veien vist på bildet. En vei munner ut fra høyre. Hvorfor er det viktig å vite at dette
686	f8b92400-a2c7-4a65-bba4-d486009faa04	Driving Conditions	593x518 jpeg	Hva er riktig ved kjøring nær trikk?
687	f8f12860-e700-4cd7-9e2e-10305e1705be	Traffic Signs	800x599 jpeg	Du kjører på en grusvei og vet at det ligger en barnehage rundt svingen. Hvilket tiltak er mest hens
688	f907aab2-1e47-43f3-98f2-fe9578ae08a0	Right of Way	450x299 jpeg	Du nærmer deg krysset som vist på bildet. Hva betyr kombinasjonen av vikepliktskilt og oppmerkingen 
689	f9e7924c-4c62-4022-9b75-fdfc442ab9ea	Traffic Rules	600x351 jpeg	Hva må du gjøre etter at du har stanset ved stoppskiltet?
690	fa0f7d54-dbe9-4940-8863-2ae122c38205	Safety	600x400 jpeg	Hva er tegn på glatt vei uten at du ser det?
691	fad0cb8f-03f6-4ff8-b465-5666cc66f951	Driving Conditions	600x400 jpeg	Hva er riktig ved kjøring gjennom en skarp sving?
692	fba3421b-efaf-463f-a560-ae4dd559ad8d	Safety	800x600 jpeg	Hva bør du være forberedt på når du kjører i en sving med begrenset sikt som denne?
693	fbeefa0a-acb7-4061-bb49-9b87478a58f1	Road Rules	600x371 jpeg	Du møter dette skiltet i et veikryss. Hva er konsekvensen hvis du svinger til høyre?
694	fcebe7be-a4a3-4cdf-a9ee-78fc7cb96cce	Traffic Signs	463x281 jpeg	Hva betyr et 'Parkering forbudt'-skilt med en nedoverpil under?
695	fcefcd6b-b07b-46d0-88e2-55325ea84277	Speed Limits	600x504 jpeg	Du kjører i 90 km/t og passerer dette skiltet. Hva bør du gjøre?
696	fd410a16-c817-4b6d-987f-46d5f7a629a2	Road Rules	900x634 jpeg	Bil A kjører på påkjøringsfeltet og skal inn på motorveien hvor bil B kjører. Hvem har vikeplikt?
697	fd86d21d-4c72-4da5-98ee-b63e2e836f95	Safety	656x370 jpeg	Hva er hovedformålet med å bruke bilbelte?
698	fdcbe7cf-997d-47a1-917b-f48d336288db	Traffic Signs	900x589 jpeg	Trafikklyset viser rødt lys. Hva må du gjøre?
699	fe0ad40d-8b11-4dcb-b174-f8f6039efcbf	Speed Limits	800x600 jpeg	Du kjører på denne veien og ser skiltene som viser 60. Hva betyr tallet på disse skiltene?
700	fe39f748-03bd-4645-aedb-7778011baf9e	Traffic Signs	640x480 jpeg	Hva betyr et trekantskilt med rød kant og utropstegn sammen med underskilt «Kryssende trikk»?
701	ff41c4c2-6b64-4287-a2ba-12690613bb22	Road Rules	434x288 jpeg	Du kjører i et boligområde og ser en ball trille ut i veien. Hva bør du forvente?
702	ff709707-7caf-4f16-ad6d-169c9b9062c0	Traffic Signs	900x660 jpeg	Hva betyr det når både rødt og gult lys lyser samtidig i et trafikklys?
703	ffbc04c1-77dd-4706-9476-6a2e171f2b2f	Driving Conditions	800x600 jpeg	Fartsgrensen er skiltet til 50 km/t, men veien er dekket av is og snø som på bildet. Hva bør du gjør
704	ffe7c423-baa1-43ab-80e8-09896361278a	Road Rules	800x599 jpeg	Du kjører på en vei med sperrelinje (hel hvit midtlinje). Når er det tillatt å krysse denne linjen?
705	fff8e541-bba7-4645-a5a7-1c7cb753e5a5	Safety	800x535 jpeg	Ved 40 km/t er reaksjonslengden ca. 11 meter. Hva skjer med reaksjonslengden hvis du dobler farten t
706	stop_001	fart_og_bremsing	600x337 jpeg	Du kjører 50 km/t med normal reaksjonstid på 1 sekund. Hvor lang er reaksjonslengden?
707	stop_002	fart_og_bremsing	320x224 jpeg	Du kjører 80 km/t. Hva skjer med reaksjonslengden sammenlignet med 40 km/t?
708	stop_003	fart_og_bremsing	600x208 jpeg	En trøtt sjåfør kan ha en reaksjonstid på 2–3 sekunder. Hvor lang er reaksjonslengden ved 90 km/t me
709	stop_004	fart_og_bremsing	600x278 jpeg	Hva er IKKE riktig om reaksjonslengde?
710	stop_005	fart_og_bremsing	600x206 jpeg	Du dobler farten fra 50 km/t til 100 km/t. Hva skjer med bremselengden på tørr asfalt?
711	stop_006	fart_og_bremsing	455x259 jpeg	På våt vei øker bremselengden med omtrent hvor mye sammenlignet med tørr vei?
712	stop_007	fart_og_bremsing	457x357 jpeg	På isete vei kan bremselengden bli opptil hvor mange ganger lengre enn på tørr asfalt?
713	stop_008	fart_og_bremsing	600x326 jpeg	Hva er den viktigste grunnen til at nye dekk gir kortere bremselengde enn slitte dekk?
714	stop_009	fart_og_bremsing	338x380 jpeg	Hva er stoppelengden? Velg den mest presise definisjonen.
715	stop_010	fart_og_bremsing	600x206 jpeg	Du kjører 80 km/t på tørr vei med god bremser. Reaksjonslengden er 22 m og bremselengden er 33 m. Hv
716	stop_011	fart_og_bremsing	600x278 jpeg	Hvilken påstand om stoppelengde er RIKTIG?
717	stop_012	fart_og_bremsing	600x213 jpeg	Du kjører 100 km/t. Et barn løper ut i veien 60 meter foran deg. Reaksjonslengde er 28 m, bremseleng
718	stop_013	fart_og_bremsing	600x506 jpeg	Du tredobler farten fra 30 km/t til 90 km/t. Hva skjer med bremselengden på tørr vei?
719	stop_014	fart_og_bremsing	316x301 jpeg	Hvorfor er det mye farligere å kjøre 70 km/t enn 50 km/t i tettbygd strøk?
720	stop_015	fart_og_bremsing	600x278 jpeg	Du kjører med 10 km/t over fartsgrensen på 80 km/t. Hva er konsekvensen for bremselengden?
721	stop_016	fart_og_bremsing	600x358 jpeg	Du kjører på en gruslagt vei etter regn. Hvilken setning er RIKTIG?
722	stop_017	fart_og_bremsing	457x357 jpeg	Hva er «black ice» (sort is), og hvorfor er det spesielt farlig?
723	stop_018	fart_og_bremsing	600x208 jpeg	Det er isete vei og du kjører 60 km/t. Bremselengden er 8 ganger lengre enn på tørr asfalt. Tørr bre
724	stop_019	fart_og_bremsing	600x208 jpeg	Du kjører på snødekket vei. ABS-bremser aktiveres. Hva er RIKTIG om ABS på snø og is?
725	stop_020	fart_og_bremsing	600x206 jpeg	Det er mørkt og du kjører med nærlys. Nærlyset rekker ca. 40 meter. Du kjører 80 km/t. Hva er proble
726	stop_021	fart_og_bremsing	600x395 jpeg	Du nærmer deg en tunnel i mørket. Hva bør du gjøre med farten?
727	stop_022	fart_og_bremsing	320x224 jpeg	Du kjører 80 km/t på en landevei og et elgkalv løper ut fra skogen 55 meter foran deg. Hva er det vi
728	stop_023	fart_og_bremsing	600x400 jpeg	Du kjører forbi en skole i 50-sone. Et barn løper ut mellom to parkerte biler 20 meter foran deg. Hv
729	stop_024	fart_og_bremsing	364x303 jpeg	Du kjører 60 km/t i et boligfelt. Hva bør du gjøre for å redusere faren for å treffe fotgjengere og 
730	stop_025	fart_og_bremsing	159x178 jpeg	Du leser en tekstmelding mens du kjører 80 km/t. Det tar 4 sekunder å lese meldingen. Hvor langt har
731	stop_026	fart_og_bremsing	600x337 jpeg	Forskning viser at mobilbruk bak rattet øker reaksjonstiden med opptil 50 %. Hva betyr det for reaks
732	stop_027	fart_og_bremsing	441x151 jpeg	Trøtthet påvirker kjøringen like mye som alkohol. Hva er riktig om trøtt kjøring?
733	stop_028	fart_og_bremsing	499x383 jpeg	En sjåfør har 0,5 promille alkohol i blodet, noe som er under den norske fartsgrensen på 0,2 promill
734	stop_029	fart_og_bremsing	600x337 jpeg	Hva er «3-sekundersregelen» for avstand til forankjørende?
735	stop_030	fart_og_bremsing	600x337 jpeg	Du kjører 100 km/t på motorvei. Hvilken følgeavstand i meter tilsvarer 3-sekundersregelen?
