
============================================================
Fil: A-TEAM FØRSTEHJELP PP.pptx
Slides: 33
Allerede behandlet: 8 | Gjenstaar: 25
  [1/33] VELKOMMEN TIL FØRSTEHJELPSKURS ...
    OK [easy] Hvorfor er førstehjelpskurs en obligatorisk del av føre
    OK [medium] Hva er din lovpålagte plikt dersom du kommer først til 
  [4/33] TØR DU?! ...
    HOPPET OVER (for kort tekst)
  [11/33] GOLDEN HOUR Tiden fra ulykken inntreffer til perso ...
    OK [medium] Hva menes med begrepet 'Golden Hour' i forbindelse med 
    OK [hard] Hvorfor er det viktig at førstehjelpere på ulykkesstede
  [12/33] HVEM TRENGER HJELP FØRST? Den som skriker Den som  ...
    OK [medium] Du kommer til en trafikkulykke der det sitter 4 persone
    OK [hard] Hvorfor kan det være misvisende å prioritere skadeomfan
  [13/33] HVA ER VIKTIG Å GJØRE MED PERSONER I EN FORULYKKET ...
    OK [medium] Du kommer til en trafikkulykke hvor det sitter to perso
    OK [hard] Du skal hjelpe en bevisstløs person som sitter fastspen
  [14/33] Når man ankommer et skadested Se etter bevisstløse ...
    OK [medium] Du kommer til et skadested og finner en person i en bil
    OK [hard] Du hjelper en bevisstløs person på et skadested. Person
  [15/33] HVORDAN SIKRE FRIE LUFTVEIER? SITTENDE ...
    OK [medium] Du kommer til en ulykke hvor en bevisstløs person sitte
    OK [hard] Hvorfor er det viktig å sikre frie luftveier hos en bev
  [16/33] LIGGENDE ...
    HOPPET OVER (for kort tekst)
  [17/33] SIDELEIE – TEST PÅ HVERANDRE! ...
    OK [medium] Hvorfor legger man en bevisstløs person som puster i si
    OK [hard] En person ligger bevisstløs etter en trafikkulykke. Du 
  [18/33] (ingen tekst) ...
    HOPPET OVER (for kort tekst)
  [19/33] HJELM OG NAKKESKADER Hvor mange vil si at de har v ...
    OK [medium] En motorsyklist har veltet og ligger bevisstløs på bakk
    OK [hard] Hvorfor er det viktig å forstå forskjellen mellom musku
  [20/33] (ingen tekst) ...
    HOPPET OVER (for kort tekst)
  [21/33] (ingen tekst) ...
    HOPPET OVER (for kort tekst)
  [22/33] HVA ER DEN VANLIGSTE DØDSÅRSAKEN VED TRAFIKKULYKKE ...
    OK [medium] Hva er den vanligste dødsårsaken ved trafikkulykker i N
    OK [hard] Hvorfor er det spesielt viktig å bruke bilbelte og kjør
  [23/33] INDRE BLØDNINGER HVORDAN FINNE UT OM EN PERSON HAR ...
    OK [medium] Du kommer til en trafikkulykke hvor en person sitter fa
    OK [hard] Hvilke tegn kan tyde på at en person har indre blødning
  [24/33] TEGN PÅ INDRE BLØDNINGER Puster fort Blek hudfarge ...
    OK [medium] Du kommer til en trafikkulykke der en person er blek, p
    OK [hard] Hvorfor er tørst et viktig varselsignal ved mistanke om
  [25/33] HVA SER DERE HER? ...
    HOPPET OVER (for kort tekst)
  [26/33] YTRE BLØDNINGER Hvor farlig er det?  Kan man blø i ...
    OK [medium] Du kommer til en trafikkulykke der en person har en kra
    OK [hard] Hvorfor er det viktig å vurdere hvor farlig en ytre blø
  [27/33] NEDKJØLING Hvor mange grader holder kroppen normal ...
    OK [medium] En person har falt i kaldt vann og begynner å skjelve k
    OK [hard] Ved en bilulykke om vinteren ligger en skadet person ut
  [28/33] NEDKJØLING Kan man overleve en hjertestans? Hvor l ...
    OK [medium] En person har falt i kaldt vann. Hva er den beste strat
    OK [hard] Hvorfor kan en person som får hjertestans i svært kaldt
  [29/33] NEDKJØLING Case: Motorsyklist ligger på bakken og  ...
    OK [medium] En motorsyklist ligger skadet på bakken og fryser. Du h
    OK [hard] En skadet person ligger på bakken etter en ulykke og ka
  [30/33] HJERTESTANS Kan man puste etter at hjertet har slu ...
    OK [medium] Hvorfor kan nedkjøling av kroppen være avgjørende ved h
    OK [easy] Hva skjer med pusteevnen når hjertet stopper?
  [31/33] PSYKISK FØRSTEHJELP Hva er det?  Hvorfor er det vi ...
    OK [medium] Du kommer til en trafikkulykke der en person sitter i s
    OK [hard] Hvorfor er psykisk førstehjelp ved trafikkulykker vikti
  [32/33] BEROLIGE PASIENTEN! Fortell pasienten at hjelpen e ...
    OK [medium] Du kommer først til en trafikkulykke der en skadet pers
    OK [hard] Ved en trafikkulykke sier du til den skadde at hjelpen 
  [33/33] ØVELSER I BIL Vi skal snart ut i bil og gjøre noen ...
    OK [medium] Du kommer først til et trafikkuhell. Hva er riktig rekk
    OK [medium] Når du ringer nødnummeret 1-1-3 etter en trafikkulykke,

============================================================
Fil: NYTT TGK A-TEAM ALLE DAGER (1).pptx
Slides: 152
Allerede behandlet: 0 | Gjenstaar: 152
  [1/152] VELKOMMEN TIL TRAFIKALT GRUNNKURS ...
    INGEN spørsmål generert
  [2/152] TGK – 7 DELER TEMA 1 - TRAFIKKOPPLÆRING TEMA 2 - G ...
    OK [medium] Hvorfor tror du mørkekjøringsdemonstrasjoner i trafikal
    OK [hard] Trafikalt grunnkurs (TGK) inneholder både tema om først
  [3/152] HVOR MANGE TRINN HAR VI I KJØREOPPLÆRINGEN? Hvor m ...
    OK [easy] Hvor mange trinn består den norske kjøreopplæringen av?
    OK [medium] Hva er formålet med å dele kjøreopplæringen inn i flere
  [4/152] TRINNVIS OPPLÆRING ...
    HOPPET OVER (for kort tekst)
  [5/152] TGK - TRINN 1 17 timer og felles for alle klasser  ...
    OK [medium] En 17-åring har fullført trafikalt grunnkurs (TGK) i se
    OK [hard] En 28-åring ønsker å ta førerkort klasse B. Hvilke dele
  [6/152] TRAFIKKOPPLÆRING Hvorfor er du her?  Hvorfor treng ...
    OK [easy] Hva er hovedformålet med obligatorisk trafikkopplæring 
    OK [medium] Hvilke krav må være oppfylt for å få førerkort klasse B
  [7/152] HVOR MANGE DØR I TRAFIKKEN HVERT ÅR? ...
    OK [medium] Omtrent hvor mange mennesker dør i trafikken i Norge hv
    OK [hard] Hva er hovedårsaken til at vi som førere må kjenne til 
  [8/152] HVOR MANGE DØR I TRAFIKKEN HVERT ÅR? CA. 150-200 M ...
    OK [easy] Omtrent hvor mange mennesker mister livet i trafikken i
    OK [medium] Hva forteller statistikken om 150-200 trafikkdrepte årl
  [9/152] HVOR MANGE BLIR SKADET I TRAFIKKEN I NORGE HVERT Å ...
    OK [medium] Omtrent hvor mange personer blir skadet i trafikken i N
    OK [hard] Hvorfor er det viktig for en sjåfør å kjenne til statis
  [10/152] HVOR MANGE BLIR SKADET I TRAFIKKEN I NORGE HVERT Å ...
    OK [medium] Omtrent 30.000 personer skades i trafikken i Norge hver
    OK [hard] Av de ca. 30.000 som skades i trafikken årlig, får 1.00
  [11/152] HVA SKYLDES ULYKKENE? ...
    OK [medium] Statistikk viser at menneskelige faktorer er hovedårsak
    OK [hard] Når man analyserer årsaker til trafikkulykker, snakker 
  [12/152] HVA SKYLDES ULYKKENE? MINST 60% AV ULYKKENE SKYLDE ...
    OK [medium] Statistikk viser at førerfeil er en medvirkende årsak i
    OK [hard] Minst 60% av trafikkulykker skyldes helt og holdent fei
  [13/152] 0-VISJON HVA ER DET?  ER DET MULIG Å FÅ TIL? ...
    OK [medium] Hva er hovedmålet med 0-visjonen i norsk trafikksikkerh
    OK [hard] Hvorfor er 0-visjonen formulert som en visjon og ikke s
  [14/152] TRAFIKKSYSTEMET ...
    HOPPET OVER (for kort tekst)
  [15/152] HOVEDMÅL FOR TGK Enhver skal ferdes hensynsfullt o ...
    OK [medium] Du kjører på en vei gjennom et boligområde. Hva innebær
    OK [hard] Ifølge grunnregelen for trafikk, hva er forskjellen mel
  [16/152] VEGTRAFIKKLOVEN §3 – Hovedregelen for trafikk! Hen ...
    OK [medium] Du kjører i et boligområde og ser en eldre person som g
    OK [hard] Hva er den praktiske forskjellen mellom å være «aktpågi
  [17/152] Det trafikale grunnkurset skal gi deg en grunnlegg ...
    OK [easy] En venn hevder at det er nok å kunne trafikkreglene og 
    OK [medium] Hva er hovedformålet med det trafikale grunnkurset?
  [18/152] VI MÅ VITE/FORSTÅ HVORFOR TRAFIKKREGLENE ER SLIK D ...
    OK [medium] Hvorfor er det viktig å forstå BEGRUNNELSEN bak trafikk
    OK [hard] En fører kommer til en situasjon som ikke er direkte re
  [19/152] HVA MÅ TIL FOR Å FÅ LAPPEN? ...
    OK [easy] Hvilke krav må være oppfylt før du kan ta førerprøven f
    OK [medium] Hvorfor kreves det gjennomført trafikalt grunnkurs før 
  [20/152] DETTE MÅ TIL FOR Å FÅ LAPPEN BIL: 18 ÅR TRAFIKALT ...
    OK [medium] En person på 18 år ønsker å ta førerkort for bil. Hun h
    OK [easy] Hvilke krav må være oppfylt før du kan få førerkort for
  [21/152] SPERREFRIST HVA ER DET?  HVORDAN FÅR MAN DET?  HVO ...
    OK [medium] Per (19 år) kjørte i 85 km/t i 50-sone og mistet førerk
    OK [hard] En person med prøvetid på førerkortet blir tatt for pro
  [22/152] SPERREFRIST KJØRING UTEN FØRERRETT = AUTOMATISK 6 ...
    OK [medium] En person blir tatt for å kjøre bil uten gyldig førerre
    OK [hard] Ola har fått 6 måneders sperrefrist etter å ha kjørt ut
  [23/152] HOVEDMÅL FOR TRAFIKKOPPLÆRING Etter å ha gjennomfø ...
    OK [medium] Hovedmålet for trafikkopplæring i klasse B sier at elev
    OK [hard] Hvorfor fokuserer hovedmålet for trafikkopplæring på 'k
  [24/152] Hvordan bli trafikksikker?  Hva er samhandling?  H ...
    OK [medium] Hvem har ansvaret for å holde seg oppdatert på endringe
    OK [medium] Hvorfor er helse og miljø viktige faktorer i trafikksik
  [25/152] HOVEDMÅL FOR TRAFIKKOPPLÆRING Eleven skal ha de ku ...
    OK [medium] Hovedmålet for trafikkopplæring nevner flere viktige eg
    OK [hard] En sjåfør kjører teknisk korrekt og overholder alle tra
  [26/152] TRAFIKKPYRAMIDEN ...
    HOPPET OVER (for kort tekst)
  [27/152] (ingen tekst) ...
    HOPPET OVER (for kort tekst)
  [28/152] (ingen tekst) ...
    HOPPET OVER (for kort tekst)
  [29/152] (ingen tekst) ...
    HOPPET OVER (for kort tekst)
  [30/152] (ingen tekst) ...
    HOPPET OVER (for kort tekst)
  [31/152] TRAFIKKLYS ...
    HOPPET OVER (for kort tekst)
  [32/152] POLITIETS TEGN ...
    HOPPET OVER (for kort tekst)
  [33/152] HVEM SKAL KJØRE? ...
    HOPPET OVER (for kort tekst)
  [34/152] HVA BETYR POLITIETS TEGN? ...
    OK [medium] Du nærmer deg et kryss hvor en politibetjent står med é
    OK [hard] I krysset på bildet dirigerer politibetjenten trafikken
  [35/152] POLITIETS TEGN I TRAFIKKEN ...
    OK [medium] Du kjører mot et lyskryss der en politibetjent står og 
    OK [hard] En politibetjent står i et kryss og holder armen vannre
  [36/152] GRUNNLEGGENDE FORSTÅELSE FOR TRAFIKKEN PLASSERING  ...
    OK [medium] Du kjører på en vei med to kjørefelt i din retning. Hva
    OK [medium] Hvorfor er det viktig å kombinere riktig fartstilpassin
  [37/152] PLASSERING ...
    HOPPET OVER (for kort tekst)
  [38/152] HVA SKJER HER? ...
    HOPPET OVER (for kort tekst)
  [39/152] HVA ER RIKTIG PLASSERING? ...
    OK [medium] Du kjører på en flerfeltsvei som vist på bildet. Hva er
    OK [hard] Du kjører lastebil i venstre felt på en motorvei med to
  [40/152] KJØR TYDELIG! ...
    HOPPET OVER (for kort tekst)
  [41/152] FART ...
    HOPPET OVER (for kort tekst)
  [42/152] (ingen tekst) ...
    HOPPET OVER (for kort tekst)
  [43/152] Hvilke fartsgrenser har vi i Norge? Hva er den høy ...
    OK [medium] Du kjører i en 50-sone og holder nøyaktig 50 km/t. Plut
    OK [medium] Hvorfor er det noen ganger plassert to fartsgrenseskilt
  [44/152] GENERELLE FARTSGRENSER ...
    OK [easy] Du kjører inn i et tettbygd strøk uten at det er satt o
    OK [medium] Du kjører på en landevei utenfor tettbygd strøk. Det er
  [45/152] HVILKE FARER? ...
    HOPPET OVER (for kort tekst)
  [46/152] (ingen tekst) ...
    HOPPET OVER (for kort tekst)
  [47/152] (ingen tekst) ...
    HOPPET OVER (for kort tekst)
  [48/152] (ingen tekst) ...
    HOPPET OVER (for kort tekst)
  [49/152] (ingen tekst) ...
    HOPPET OVER (for kort tekst)
  [50/152] VIKEPLIKT HVA ER VIKEPLIKT, OG HVORDAN OVERHOLDER  ...
    OK [medium] Du nærmer deg et uregulert kryss uten skilt eller oppme
    OK [easy] Hvilke av følgende steder har du alltid vikeplikt uavhe
  [51/152] KONKURRANSE ...
    HOPPET OVER (for kort tekst)
  [52/152] (ingen tekst) ...
    HOPPET OVER (for kort tekst)
  [53/152] HVILKEN INFORMASJON FÅR DU AV OPPMERKINGEN? ...
    OK [medium] Hva forteller den hvite sperrelinjen (sikksakk-mønstere
    OK [easy] Du nærmer deg krysset som vist på bildet. Hva betyr kom
  [54/152] HVEM SKAL KJØRE FØRST? ...
    OK [medium] I denne situasjonen ved en T-kryss: Bil B kommer fra si
    OK [hard] Bil B kommer fra sidevei med vikepliktskilt og skal ret
  [55/152] HVEM HAR VIKEPLIKT? ...
    HOPPET OVER (for kort tekst)
  [56/152] HVEM HAR VIKEPLIKT? ...
    HOPPET OVER (for kort tekst)
  [57/152] HVEM HAR VIKEPLIKT? ...
    HOPPET OVER (for kort tekst)
  [58/152] HVEM HAR VIKEPLIKT? ...
    HOPPET OVER (for kort tekst)
  [59/152] HVEM HAR VIKEPLIKT? ...
    HOPPET OVER (for kort tekst)
  [60/152] SKILTGRUPPER HVOR MANGE SKILTGRUPPER FINNES DET? ...
    OK [easy] Hvor mange hovedgrupper er trafikkskiltene i Norge delt
    OK [medium] Hvorfor er det viktig at trafikkskilt er organisert i u
  [61/152] Fareskilt Vikepliktskilt Forbudskilt Påbudskilt ...
    OK [medium] Du ser et trekantet skilt med rød kant og hvit bakgrunn
    OK [hard] Hva er forskjellen mellom et forbudskilt og et påbudski
  [62/152] FARESKILT ...
    HOPPET OVER (for kort tekst)
  [63/152] VIKEPLIKTSKILT ...
    HOPPET OVER (for kort tekst)
  [64/152] FORBUDSKILT ...
    HOPPET OVER (for kort tekst)
  [65/152] PÅBUDSKILT ...
    HOPPET OVER (for kort tekst)
  [66/152] OPPLYSNINGSSKILT ...
    HOPPET OVER (for kort tekst)
  [67/152] SERVICESKILT ...
    HOPPET OVER (for kort tekst)
  [68/152] VEGVISNINGSSKILT ...
    HOPPET OVER (for kort tekst)
  [69/152] UNDERSKILT ...
    HOPPET OVER (for kort tekst)
  [70/152] MARKERINGSSKILT ...
    HOPPET OVER (for kort tekst)
  [71/152] RUNDKJØRINGER Finnes det regler for kjøring i rund ...
    OK [medium] Du skal rett fram i en rundkjøring med to felt i samme 
    OK [medium] Hva er hovedregelen for vikeplikt når du kjører inn i e
  [72/152] (ingen tekst) ...
    HOPPET OVER (for kort tekst)
  [73/152] (ingen tekst) ...
    HOPPET OVER (for kort tekst)
  [74/152] PARKERING ...
    HOPPET OVER (for kort tekst)
  [75/152] (ingen tekst) ...
    HOPPET OVER (for kort tekst)
  [76/152] (ingen tekst) ...
    HOPPET OVER (for kort tekst)
  [77/152] (ingen tekst) ...
    HOPPET OVER (for kort tekst)
  [78/152] (ingen tekst) ...
    HOPPET OVER (for kort tekst)
  [79/152] (ingen tekst) ...
    HOPPET OVER (for kort tekst)
  [80/152] (ingen tekst) ...
    HOPPET OVER (for kort tekst)
  [81/152] (ingen tekst) ...
    HOPPET OVER (for kort tekst)
  [82/152] (ingen tekst) ...
    HOPPET OVER (for kort tekst)
  [83/152] TAKK FOR I DAG! ...
    HOPPET OVER (for kort tekst)
  [84/152] VELKOMMEN TIL DAG 2 AV TGK ...
    INGEN spørsmål generert
  [85/152] REPETISJON! SKRIV NED ALLE SKILTGRUPPER OG SKILT D ...
    OK [easy] Hvilken farge har forbudsskilt i Norge, og hvorfor er d
    OK [medium] Hva er hovedforskjellen mellom fareskilt og opplysnings
  [86/152] MENNESKET I TRAFIKKEN KJØREPROSESSEN  SE-REGLER  O ...
    OK [medium] Hva er hovedformålet med 'se-regler' i kjøreprosessen?
    OK [hard] Hvordan påvirker delt oppmerksomhet (f.eks. mobilbruk) 
  [87/152] KJØREPROSESSEN ...
    HOPPET OVER (for kort tekst)
  [88/152] SANSENE HVOR MANGE SANSER HAR VI?  HVILKE SANSER H ...
    OK [medium] Hvilken sans er viktigst for sikker bilkjøring, og hvor
    OK [hard] En bilfører kjører med musikk på høyt volum. Hvordan ka
  [89/152] SANSENE SYNET  LUKT  HØRSEL  KINETISK/LIKEVEKT  FØ ...
    OK [medium] Hvilken sans er MEST avgjørende for sikker bilkjøring, 
    OK [hard] Du kjører på en glatt vei og føler plutselig at bilen s
  [90/152] KONKURRANSE Nå skal dere alle, en og en, løpe så f ...
    INGEN spørsmål generert
  [91/152] KONKURRANSE Hvor mange ting oppfattet dere og hva  ...
    INGEN spørsmål generert
  [92/152] KONKURRANSE Denne gangen skal dere gå rolig, se de ...
    INGEN spørsmål generert
  [93/152] KONKURRANSE Hva er grunnen til at dere husket fler ...
    OK [medium] Hvorfor husker man ofte bedre detaljer fra en kjøretur 
    OK [hard] Hvordan kan forståelsen av at aktiv deltakelse forbedre
  [94/152] SYNET Synsfeltet kan deles i to: skarpsyn og sides ...
    OK [medium] Du kjører i 80 km/t på en landevei. Hvorfor er det vikt
    OK [hard] En fotgjenger står stille ved veikanten mens du kjører 
  [95/152] (ingen tekst) ...
    HOPPET OVER (for kort tekst)
  [96/152] OPPFATTELSE VI OPPFATTER FORSKJELLIG  AVHENGIG AV  ...
    OK [medium] Hvorfor kan to bilførere oppfatte samme trafikksituasjo
    OK [hard] En uerfaren fører ser ikke en syklist som kommer fra en
  [97/152] (ingen tekst) ...
    HOPPET OVER (for kort tekst)
  [98/152] (ingen tekst) ...
    HOPPET OVER (for kort tekst)
  [99/152] (ingen tekst) ...
    HOPPET OVER (for kort tekst)
  [100/152] (ingen tekst) ...
    HOPPET OVER (for kort tekst)
  [101/152] (ingen tekst) ...
    HOPPET OVER (for kort tekst)
  [102/152] AVGJØRE/BESLUTTE Ut ifra hva du har sanset og oppf ...
    OK [medium] Du kjører i et boligområde og ser et barn som løper mot
    OK [hard] Hvorfor er det viktig at avgjørelsen om å svinge, brems
  [103/152] HANDLE Selve utførelsen av beslutningen  Husk alte ...
    OK [medium] Du har bestemt deg for å skifte fil, men oppdager pluts
    OK [easy] Hva menes med 'alternativ løsning' når du utfører en ha
  [104/152] SE-REGLER SE LANGT FREM  BEVEG BLIKKET  FÅ OVERBLI ...
    OK [medium] Hvorfor er det viktig å 'se langt frem' når du kjører?
    OK [medium] Hva menes med se-regelen 'Bli sett og forstått' i trafi
  [105/152] OPPMERKSOMHET Oppmerksomhet kan defineres som evne ...
    OK [medium] Hva menes med oppmerksomhet i trafikksammenheng?
    OK [hard] Hvilke tre egenskaper må en fører ha for at kjøreoppdra
  [106/152] REAKSJONSTID HVA ER REAKSJONSTID?  HVOR LANG TID B ...
    OK [easy] Hva menes med reaksjonstid i trafikken?
    OK [medium] En gjennomsnittlig person har en reaksjonstid på ca. 1 
  [107/152] REAKSJONSTID REAKSJONSTID ER TIDEN FRA ET FARETEGN ...
    OK [medium] Du kjører i 60 km/t og oppdager plutselig en fare i vei
    OK [hard] Hvorfor er reaksjonslengden ved 90 km/t mer enn dobbelt
  [108/152] BREMSELENGDE HVA ER BREMSELENGDE? ...
    OK [easy] Hva menes med bremselengde?
    OK [medium] Bildet viser bremsespor på veien. Hvilken faktor har IK
  [109/152] BREMSELENGDE BREMSELENGDE ER DEN LENGDEN DU BRUKER ...
    OK [medium] Du kjører i 40 km/t og har en bremselengde på 8 meter. 
    OK [hard] En bil har bremselengde på 9 meter ved 30 km/t. Hvor la
  [110/152] HVILKE FARER?? ...
    HOPPET OVER (for kort tekst)
  [111/152] (ingen tekst) ...
    HOPPET OVER (for kort tekst)
  [112/152] (ingen tekst) ...
    HOPPET OVER (for kort tekst)
  [113/152] (ingen tekst) ...
    HOPPET OVER (for kort tekst)
  [114/152] (ingen tekst) ...
    HOPPET OVER (for kort tekst)
  [115/152] (ingen tekst) ...
    HOPPET OVER (for kort tekst)
  [116/152] (ingen tekst) ...
    HOPPET OVER (for kort tekst)
  [117/152] TAKK FOR I DAG! ...
    HOPPET OVER (for kort tekst)
  [118/152] VELKOMMEN TIL DAG 3 AV TGK ...
    INGEN spørsmål generert
  [119/152] ØVINGSKJØRING OG KJØREERFARING KRAV VED ØVINGSKJØR ...
    OK [medium] Under øvingskjøring med privat ledsager blir dere invol
    OK [medium] Hvorfor er ulykkesrisikoen høyere under øvingskjøring s
  [120/152] TRAFIKKSKOLEN Ved skolen vil dere få et tilbud om  ...
    OK [medium] Hvorfor anbefales det at nybegynnere starter øvelseskjø
    OK [easy] Hva er fordelen med kombinert opplæring der man øvelses
  [121/152] REGLER FOR ØVINGSKJØRING KLASSE A1 Krav til elev: ...
    OK [medium] En 24 år gammel person med 6 års erfaring på lett motor
    OK [hard] Hvorfor kreves det toveis radiosamband mellom elev og l
  [122/152] REGLER FOR ØVINGSKJØRING KLASSE M Krav til elev:  ...
    OK [medium] En 24 år gammel person med 6 års erfaring med mopedføre
    OK [hard] Hvorfor må ledsager ved øvingskjøring på moped bruke mo
  [123/152] REGLER FOR ØVINGSKJØRINGKLASSE B Krav til elev: T ...
    OK [medium] En person på 24 år har hatt førerkort sammenhengende i 
    OK [medium] Du skal bruke din private bil til øvingskjøring med en 
  [124/152] § 26. ØVELSESKJØRING Øvelseskjøring må ikke være t ...
    OK [medium] Du øvelseskjører med din far som ledsager. Dere kommer 
    OK [hard] Hvem har myndighet til å forby øvelseskjøring på bestem
  [125/152] § 5 KJØRETØYETS PLASSERING PÅ VEIEN Så langt forho ...
    OK [medium] Du kjører på en motorvei med tre kjørefelt i din kjører
    OK [hard] Hva menes med formuleringen «så langt forholdene tillat
  [126/152] HVEM ER FØRER AV BIL? HVEM BLIR REGNET SOM FØRER A ...
    OK [medium] Du øvelseskjører med din far som ledsager. Hvem regnes 
    OK [hard] Under øvelseskjøring kjører du for fort og blir stanset
  [127/152] HVEM ER FØRER AV BIL? Ledsager/trafikklærer er før ...
    OK [medium] En privatbillist ønsker å være ledsager for sin datter 
    OK [hard] Du er ledsager for en elev som øvingskjører. Eleven kjø
  [128/152] KRAV TIL ELEVEN? Selv om lærer eller ledsager er f ...
    OK [medium] Du er elev under øvelseskjøring med ledsager. Ledsagere
    OK [easy] Du skal begynne å øvelseskjøre og har en medisinsk tils
  [129/152] KRAV TIL BILEN? Hvilke krav er det til bilen man s ...
    OK [medium] Du skal øvelseskjøre med en venn som ledsager. Hvilken 
    OK [hard] En kamerat vil låne deg sin splitter nye sportsbil med 
  [130/152] KRAV TIL BILEN? Merket med rød L med hvit bakgrunn ...
    OK [medium] Du har nettopp avsluttet en øvingskjøringstime med din 
    OK [hard] En ledsager skal øvingskjøre med en elev. Bilen har kun
  [131/152] SIKKERHET UNDER ØVINGSKJØRING En fører med liten e ...
    OK [medium] Hvorfor er ulykkesrisikoen ved øvingskjøring hos en tra
    OK [easy] Hvorfor er det viktig å ha et sikkerhetsnett rundt øvin
  [132/152] KJØREERFARING OG ULYKKESRISIKO Flere undersøkelser ...
    OK [medium] Hvorfor er det viktig å skaffe seg kjøreerfaring før du
    OK [easy] Hva er en god måte å skaffe seg kjøreerfaring på før du
  [133/152] (ingen tekst) ...
    HOPPET OVER (for kort tekst)
  [134/152] (ingen tekst) ...
    HOPPET OVER (for kort tekst)
  [135/152] (ingen tekst) ...
    HOPPET OVER (for kort tekst)
  [136/152] (ingen tekst) ...
    HOPPET OVER (for kort tekst)
  [137/152] (ingen tekst) ...
    HOPPET OVER (for kort tekst)
  [138/152] RISIKOOPPFATTELSE ...
    HOPPET OVER (for kort tekst)
  [139/152] OPPFATTELSE AV HASTIGHET OG AVSTAND Hvor lett er d ...
    OK [medium] Hvorfor kan det være vanskeligere å vurdere avstanden t
    OK [hard] Du kjører på en landevei og ser en lastebil komme mot d
  [140/152] OPPFATTELSE AV HASTIGHET OG AVSTAND Vi har STORE p ...
    OK [medium] Du kjører på en landevei og ser en bil komme mot deg i 
    OK [hard] Hvorfor er det spesielt farlig å feilvurdere hastighet 
  [141/152] OPPFATTELSE AV HASTIGHET OG AVSTAND VIRKELIG AVSTA ...
    OK [medium] En bilist ser en hindring i veien som er 200 meter unna
    OK [hard] Hvorfor er det spesielt viktig å være bevisst på feilop
  [142/152] FARTSBLINDHET Hva er fartsblindhet?   Hvordan motv ...
    OK [medium] Du har kjørt i 100 km/t på motorveien i 30 minutter. Nå
    OK [hard] Hvilken kjøresituasjon øker risikoen for fartsblindhet 
  [143/152] FARTSBLINDHET Etter en tid i høy hastighet vil vi  ...
    OK [medium] Du har kjørt i 100 km/t på motorveien i over en time. N
    OK [hard] Hvilken kombinasjon av tiltak er mest effektiv for å mo
  [144/152] RANGER DISSE 5 ELEMENTENE – DET SKAL TOTALT VÆRE 1 ...
    OK [medium] Når du skal prioritere mellom ulike kjøreegenskaper, hv
    OK [hard] En elev mener at høy dristighet og fokus på fremkommeli
  [145/152] DEFENSIV KJØRING Følge lover, regler, bestemmelser ...
    OK [medium] Du kjører på en svingete vei med begrenset sikt. Hva er
    OK [medium] En annen bilist gjør en farlig forbikjøring foran deg. 
  [146/152] KUNNSKAP OG ERFARING Vi oppfatter ikke mer enn hva ...
    OK [medium] Hvorfor har en erfaren bilfører ofte bedre forutsetning
    OK [hard] En fersk fører og en erfaren fører kjører gjennom samme
  [147/152] FAKTORER SOM PÅVIRKER KJØREFERDIGHETEN HVILKE FAKT ...
    OK [medium] Du skal kjøre en lengre tur etter en natt med dårlig sø
    OK [hard] En venn tilbyr deg en sterk kopp kaffe etter at du har 
  [148/152] FAKTORER SOM PÅVIRKER KJØREFERDIGHETEN Personlighe ...
    OK [medium] En sjåfør har hatt en kraftig krangel med partneren sin
    OK [hard] Hvilken kombinasjon av faktorer utgjør størst risiko fo
  [149/152] AUTOMATISERING AV HANDLINGER OG HANDLINGSMØNSTRE D ...
    OK [medium] Hvorfor er automatisering av grunnleggende handlinger i
    OK [hard] En fersk sjåfør må fortsatt tenke aktivt på clutch og g
  [150/152] AUTOMATISERING AV HANDLINGER OG HANDLINGSMØNSTRE H ...
    OK [medium] Hvorfor er det viktig å automatisere grunnleggende kjør
    OK [hard] En elev på trinn 2 i føreropplæringen bruker mye konsen
  [151/152] ØVELSE ...
    HOPPET OVER (for kort tekst)
  [152/152] TAKK FOR I DAG! ...
    HOPPET OVER (for kort tekst)

============================================================
Fil: 4tTrafikkalt.pptx
Slides: 437
Allerede behandlet: 0 | Gjenstaar: 437
  [1/437] Trinn 4 Trafikk Teori Trinn for Trinn Trinn 1 Trin ...
    OK [easy] Hva er hovedformålet med å bruke bilbelte?
    OK [medium] Hvem har ansvaret for at passasjerer over 15 år bruker 
  [2/437] Oppgaver Trafikkopplæring Bilføreransvaret Lover o ...
    OK [medium] Hva innebærer bilføreransvaret når du kjører bil i Norg
    OK [easy] Hvorfor er det viktig å kjenne til lover og regler i tr
  [3/437] Hva legger du i begrepet ”kjøredyktighet”? 3 ...
    OK [medium] Kjøredyktighet handler om mer enn bare tekniske ferdigh
    OK [hard] En ung sjåfør drømmer om å kjøre som en erfaren voksen.
  [4/437] Se langt frem Beveg blikket Få oversikt Hvordan få ...
    OK [easy] Du kjører på en landevei som på bildet. Hvorfor er det 
    OK [medium] Du nærmer deg et boligområde som på bildet. Hvordan bør
  [5/437] Hvordan kan du få oversikt her? 5 Tilbake ...
    OK [medium] Du kjører på en vei med grønt lys og ser fotgjengere på
    OK [medium] Du nærmer deg et gangfelt markert med skilt. Det er man
  [6/437] Er det noen sammenheng mellom ballspill og bilkjør ...
    OK [medium] Du kjører i et boligområde og ser en ball trille ut i v
    OK [medium] Hvorfor er det viktig å forstå sammenhengen mellom ball
  [7/437] Gul og blå bil kolliderer, hvem skal betale skaden ...
    OK [medium] To biler kolliderer i et kryss. Hvilken forsikring dekk
    OK [medium] Du har kun lovpålagt trafikkforsikring og kolliderer me
  [8/437] vegtrafikkloven Trafikkskiltene Veioppmerking Traf ...
    OK [easy] Hvilke elementer utgjør hovedkildene til trafikkreglene
    OK [medium] Hva menes med 'grunnregler' i vegtrafikkloven, og hvorf
  [9/437] Trafikalt grunnkurs Mål for trafikalt grunnkurs jf ...
    OK [medium] Hva betyr det i praksis å ferdes «hensynsfullt» i trafi
    OK [hard] Du kjører på en vei der en syklist sykler sakte foran d
  [10/437] Hvilke situasjoner kan bli vanskelige å løse under ...
    OK [medium] Under privat øvelseskjøring kan mange situasjoner bli v
    OK [medium] Hvorfor bør man planlegge ruten på forhånd under privat
  [11/437] Det finnes trafikanter som dag etter dag – uke ett ...
    OK [medium] Hva kjennetegner trafikanter som klarer å kjøre uten å 
    OK [easy] Hva viser det at noen trafikanter kan kjøre dag etter d
  [12/437] Påstand: "Kraftige biler gjør inntrykk på jentene! ...
    OK [easy] En ung fører tenker at 'kraftige biler gjør inntrykk på
    OK [medium] Unge menn er overrepresentert i trafikkulykker. Hvilken
  [13/437] Kjenner du noen som er flink til å kjøre bil? Hvor ...
    OK [easy] Hva kjennetegner en flink bilfører?
    OK [medium] Hvorfor er det nyttig å tenke over hvordan flinke bilfø
  [14/437] 1 2 3 X 4 5 Dere jobber i Statens Vegvesen og har  ...
    OK [medium] En barneskole ligger 20 meter fra en veg og rett bak en
    OK [medium] Statens vegvesen skal sikre en veg ved en barneskole so
  [15/437] ? Førerkortklassene Trinnvis opplæring 1.1 Trafikk ...
    OK [easy] Hva er hovedformålet med at trafikkopplæringen i Norge 
    OK [medium] Hvorfor finnes det egne læreplaner for trafikkopplæring
  [16/437] Trinn 1 Trinn 2 Trinn 3 Trinn 4 Om å veilede  ”….a ...
    OK [medium] Ifølge Kierkegaards prinsipp som brukes i trafikkopplær
    OK [hard] Hvorfor er det viktig at trafikkopplæringen er delt inn
  [17/437] A1 A B C1 C D1 D E AM 147 AM 146 S T avslutt 17 A2 ...
    OK [medium] Hvilken førerkortklasse trenger du for å kjøre en turis
    OK [easy] Hva er forskjellen mellom førerkortklasse D1 og D?
  [18/437] Fart Vikeplikt Trafikkskilt Vegmerking Plassering  ...
    OK [medium] Hvorfor er det viktig at regler om plassering, fart, vi
    OK [medium] En bilist kjører i riktig hastighet og følger vikeplikt
  [19/437] 1 2 3 X Vegtrafikkloven sier at vi skal være så he ...
    OK [medium] Vegtrafikkloven sier at vi skal være hensynsfulle, aktp
    OK [hard] Hva er forholdet mellom aktsomhetsplikten i vegtrafikkl
  [20/437] Hva mener du er viktig å kunne når en skal føre en ...
    OK [easy] Hva er det viktigste å mestre før du begynner å kjøre b
    OK [medium] Hvorfor krever føreropplæringen at du lærer mer enn bar
  [21/437] Hva legger du i uttrykket: ”fort og gæli”? 1 2 3 X ...
    OK [medium] Uttrykket «fort og gæli» beskriver en farlig kjøreatfer
    OK [medium] En fører som kjører «fort og gæli» bryter grunnregelen 
  [22/437] ? Tema 1.2.a Kjøretøyets plassering  Hovedmomenter ...
    OK [medium] Du kjører på veien som vist på bildet. Hvorfor er det v
    OK [medium] På bildet ser du en syklist på gang- og sykkelveien til
  [23/437] 1 2 3 X Hva er fordelen med å ha regler om plasser ...
    OK [easy] Hva er hovedfordelen med å ha felles regler for plasser
    OK [medium] Hvorfor er det viktig at alle trafikanter kjenner til r
  [24/437] 1 2 3 X Hvordan bør du plassere deg i forhold til  ...
    OK [medium] Du kjører på en vei med flere kjørefelt i samme retning
    OK [medium] Hvorfor er riktig plassering i kjørebanen viktig i forh
  [25/437] 1 2 3 X Gi minst tre eksempler på plasseringer som ...
    OK [medium] Hvorfor er riktig plassering i kjørebanen viktig for tr
    OK [medium] I et kryss med flere felt, hvordan bør du plassere bile
  [26/437] Plassering Hovedregel Unntak Møtende Sikker og eff ...
    OK [medium] Du kjører på en vei som vist på bildet. Hva er hovedreg
    OK [easy] Hva betyr skiltet som vises på bildet med én pil oppove
  [27/437] Hvordan kan du påvirke arbeidsrommet ditt? 1 2 3 4 ...
    OK [medium] Hva menes med 'arbeidsrom' i trafikken, og hvordan kan 
    OK [medium] Bildet viser flere kjøretøy på en vei. Hva bør føreren 
  [28/437] Plassering 1 2 3 4 5 6 7 8 X 28 ...
    OK [medium] Du kjører bak et utrykningskjøretøy med blålys som vist
    OK [easy] Hva indikerer de blå lysene på kjøretøyet foran deg?
  [29/437] Plassering 1 2 3 4 5 6 7 8 X 29 ...
    OK [medium] Du kjører bak et utrykningskjøretøy med blålys. Hvordan
    OK [easy] Hva indikerer den gule midtlinjen på veien i bildet?
  [30/437] Plassering 1 2 3 4 5 6 7 8 X 30 ...
    OK [medium] På en firefeltsvei som vist på bildet, hvor skal du nor
    OK [hard] Du kjører på en motorvei med to kjørefelt i hver retnin
  [31/437] Plassering 1 2 3 4 5 6 7 8 X 31 ...
    OK [medium] Du kjører på en firefeltsvei som vist på bildet. Hvilke
    OK [medium] Du nærmer deg en avkjøring på høyre side som vist på sk
  [32/437] Plassering 1 2 3 4 5 6 7 8 X 32 ...
    OK [medium] Du kjører på en smal vei som denne, med en fotgjenger f
    OK [medium] Du nærmer deg en fotgjenger som går på høyre side av ve
  [33/437] Plassering 1 2 3 4 5 6 7 8 X 33 ...
    OK [easy] Hva betyr skiltet som vises i bildet?
    OK [medium] Du kjører på veien i bildet og ønsker å svinge til vens
  [34/437] Skilting Effektivitet Sikkerhet Tema 1.2.b Kjøretø ...
    OK [medium] Hvorfor er det viktig å forstå sammenhengen mellom plas
    OK [easy] Hva er hovedformålet med skilting av fartsgrenser?
  [35/437] Hva legger du i begrepet ”riktig fart”? 1 2 3 X Fa ...
    OK [medium] Hva menes med begrepet 'riktig fart' i trafikken?
    OK [hard] Du kjører i 35 km/t i et 50-sone. Hva avgjør om dette e
  [36/437] Fart Dere jobber i Statens Vegvesen og har fått i  ...
    OK [medium] Du jobber i Statens Vegvesen og skal redusere farten i 
    OK [hard] Hvorfor er det viktig å redusere kjørefarten i boligomr
  [37/437] Fart Hvor mye vanskeligere blir det å stoppe bilen ...
    OK [medium] Du kjører i 30 km/t og øker farten til 90 km/t. Hvor my
    OK [hard] Hvorfor er det spesielt farlig å øke farten fra 50 km/t
  [38/437] 1 2 3 4 5 6 7 8 Sikkerhet Fart X 38 ...
    OK [medium] Du kjører på en vinterdag som vist på bildet. Veien er 
    OK [medium] Bildet viser en vei med snø og is. Hvilken sikkerhetsfa
  [39/437] Sikkerhet Fart 1 2 3 4 5 6 7 8 X 39 ...
    OK [medium] Du kjører på en vei som denne, gjennom et lite tettsted
    OK [easy] Hvorfor er det spesielt viktig å være oppmerksom på far
  [40/437] Sikkerhet Fart 1 2 3 4 5 6 7 8 X 40 ...
    OK [medium] Du kjører på en sving som denne med fjellvegg på høyre 
    OK [medium] Hva bør du være forberedt på når du kjører i en sving m
  [41/437] Sikkerhet Fart 1 2 3 4 5 6 7 8 X 41 ...
    OK [medium] Hvorfor er det viktig å tilpasse farten når du kjører i
    OK [medium] En lastebil som den på bildet blokkerer delvis sikten d
  [42/437] Sikkerhet Fart 1 2 3 4 5 6 7 8 X 42 ...
    OK [easy] Du nærmer deg dette krysset. Hva betyr vikepliktskiltet
    OK [medium] Du ser et gangfelt (fotgjengerskilt og hvite striper) v
  [43/437] Sikkerhet Fart 1 2 3 4 5 6 7 8 X 43 ...
    OK [medium] Du kjører på en smal landevei som denne, med bolighus o
    OK [medium] Hvorfor er det spesielt viktig å holde lav fart når du 
  [44/437] Sikkerhet Fart 1 2 3 4 5 6 7 8 X 44 ...
    OK [medium] Du kjører i et boligområde som dette. Hvilken fart bør 
    OK [medium] I bildet ser du et boligområde med barn i nærheten (syk
  [45/437] Sikkerhet Fart 1 2 3 4 5 6 7 8 X 45 ...
    OK [easy] Du ser dette skiltet på en vinterdag. Hva betyr skiltet
    OK [medium] Bildet viser en snødekt vei med begrenset sikt. Hvordan
  [46/437] 1 2 3 4 5 6 7 8 Skilting Fart X 46 ...
    OK [easy] Du kjører inn i et boligområde og ser dette skiltet. Hv
    OK [medium] Fartsgrensen er skiltet til 50 km/t, men veien er dekke
  [47/437] Skilting Fart 1 2 3 4 5 6 7 8 X 47 ...
    OK [medium] Du kjører på en snødekt vei som vist på bildet. Det er 
    OK [hard] Bildet viser en snødekt svingete vei uten synlig skilti
  [48/437] Skilting Fart 1 2 3 4 5 6 7 8 X 48 ...
    OK [easy] Du kjører på denne veien og ser skiltene som viser 60. 
    OK [medium] På bildet ser du fartsgrenseskilt på begge sider av vei
  [49/437] Skilting Fart 1 2 3 4 5 6 7 8 X 49 ...
    OK [easy] Du ser dette skiltet med tallet 30 i rød sirkel. Hva be
    OK [medium] Du ser skiltet 'Fartsdempere' sammen med et faresymbol.
  [50/437] Skilting Fart 1 2 3 4 5 6 7 8 X 50 ...
    OK [medium] Du kjører på en vei som vist på bildet. Det er ingen fa
    OK [easy] På bildet ser du en vei med hvite oppmerking. Hva betyr
  [51/437] Skilting Fart 1 2 3 4 5 6 7 8 X 51 ...
    OK [easy] Du kjører inn i et område med dette skiltet på begge si
    OK [medium] Bildet viser en vei om vinteren med fartsgrense 50 km/t
  [52/437] Skilting Fart 1 2 3 4 5 6 7 8 X 52 ...
    OK [easy] Du kjører bak en brannbil på en vei med fartsgrenseskil
    OK [medium] Hva betyr det gule rombeskiltetet du ser ved siden av v
  [53/437] Skilting Fart 1 2 3 4 5 6 7 8 X 53 ...
    OK [medium] Du kjører på denne vinterveien og ser varselskiltene på
    OK [hard] På denne vinterveien med snødekke og farlig sving, hvil
  [54/437] 1 2 3 4 5 6 7 8 Effektivitet Fart X 54 ...
    OK [easy] Hva betyr skiltet som vises på bildet med en rød og en 
    OK [medium] Du kjører på en vei som vist på bildet. Hvordan påvirke
  [55/437] Effektivitet Fart 1 2 3 4 5 6 7 8 X 55 ...
    OK [medium] Hva betyr dette skiltet med to piler som viser forskjel
    OK [easy] Når du ser et skilt som viser at veien deler seg, hva b
  [56/437] Effektivitet Fart 1 2 3 4 5 6 7 8 X 56 ...
    OK [medium] Hvordan påvirker farten drivstofforbruket når du kjører
    OK [medium] Hva er sammenhengen mellom effektivitet og fart i trafi
  [57/437] Effektivitet Fart 1 2 3 4 5 6 7 8 X 57 ...
    OK [medium] Du kjører på en landevei som vist på bildet. Hvordan på
    OK [medium] I situasjonen på bildet kjører du bak en annen bil på e
  [58/437] Effektivitet Fart 1 2 3 4 5 6 7 8 X 58 ...
    OK [easy] Hva betyr skiltet du ser på høyre side av veien?
    OK [medium] Du kjører på en vei hvor skiltet viser at veien deler s
  [59/437] Effektivitet Fart 1 2 3 4 5 6 7 8 X 59 ...
    OK [medium] Du kommer kjørende og ser denne situasjonen foran deg. 
    OK [easy] Hva er formålet med varseltrekanten som er plassert i v
  [60/437] Effektivitet Fart 1 2 3 4 5 6 7 8 X 60 ...
    OK [medium] Bildet viser en vei med fartsgrense 60 km/t. Hvordan på
    OK [easy] Du kjører på en vei som vist på bildet med fartsgrense 
  [61/437] Effektivitet Fart 1 2 3 4 5 6 7 8 X 61 ...
    OK [easy] Du nærmer deg dette vikepliktskiltet. Hva må du gjøre?
    OK [medium] Du kjører under en brokonstruksjon og ser vikepliktskil
  [62/437] ? Tema 1.2.c Vikeplikt  Hovedmomenter	Vikepliktsre ...
    OK [medium] Hvorfor er vikepliktreglene viktige for trafikkavviklin
    OK [hard] Hva kan skje dersom vikepliktreglene ikke følges av tra
  [63/437] 1 2 3 X Hvilke fordeler/ulemper ville det vært om  ...
    OK [easy] Hvorfor er det viktig at alle trafikanter følger de sam
    OK [medium] Hva ville vært den største ulempen dersom hver enkelt t
  [64/437] Hva legger du i begrepet ”vikeplikt” 1 2 3 X 64 ...
    OK [easy] Hva betyr det i praksis når du har vikeplikt for et ann
    OK [medium] Hvem har ansvaret dersom det oppstår en kollisjon fordi
  [65/437] Hva bør du kunne om kjøring i kryss før du starter ...
    OK [easy] Før du starter med øvelseskjøring i kryss, hva er vikti
    OK [medium] Hvorfor er det viktig å ha teoretisk kunnskap om kjørin
  [66/437] 1 2 3 4 5 6 7 8 X Du kommer til dette krysset. Hva ...
    OK [medium] Du kommer til krysset vist på bildet. Bilen merket X ko
    OK [medium] Du nærmer deg krysset på bildet og ser at en annen bil 
  [67/437] 67 1 2 3 4 5 6 7 8 X ...
    OK [easy] Hva betyr dette skiltet som viser en sidevei fra høyre 
    OK [medium] Du kjører på veien som går rett fram og ser dette skilt
  [68/437] 1 2 3 4 5 6 7 8 X 68 ...
    INGEN spørsmål generert
  [69/437] Du er på øvelseskjøring og kommer til dette krysse ...
    OK [medium] Du er på øvelseskjøring og kommer til et kryss med fler
    OK [medium] I et stort kryss med mange avkjøringer (som vist med nu
  [70/437] 70 1 2 3 4 5 6 7 8 X ...
    OK [easy] Du kjører på en vei hvor fartsgrensen er 70 km/t. Hva b
    OK [medium] Du ser et 70-skilt på en landevei. Det begynner å regne
  [71/437] 71 1 2 3 4 5 6 7 8 X ...
    INGEN spørsmål generert
  [72/437] 72 1 2 3 4 5 6 7 8 X ...
    INGEN spørsmål generert
  [73/437] Hvilke regler gjelder her? 1 2 3 4 5 6 7 8 X 73 ...
    OK [medium] Du ser skiltet «Kryssende trikk». Hvilke regler gjelder
    OK [easy] Hva betyr et trekantskilt med rød kant og utropstegn sa
  [74/437] Hvem har du vikeplikt for når du skal til venstre? ...
    OK [medium] Du skal svinge til venstre i et veikryss. Hvilke trafik
    OK [hard] Hvorfor er det spesielt viktig å være oppmerksom ved ve
  [75/437] Hvordan vil du opptre her? 1 2 3 4 5 6 7 8 X 75 ...
    Parse-feil: Expecting ',' delimiter: line 15 column 5 (char 808)
    INGEN spørsmål generert
  [76/437] Hvordan løser du denne situasjonen? 1 2 3 4 5 6 7  ...
    OK [easy] Du nærmer deg dette krysset og ser vikepliktskiltet. Hv
    OK [medium] Du står ved vikepliktskiltet og skal svinge til høyre. 
  [77/437] 1 2 3 4 5 6 7 8 X Når vil du kjøre? 77 ...
    OK [easy] Hva betyr skiltet med U-sving i rød sirkel som du ser p
    OK [medium] Du kjører inn i en liten bygd og ser et forbudsskilt mo
  [78/437] Hvordan vil du opptre her? 1 2 3 4 5 6 7 8 X 78 ...
    INGEN spørsmål generert
  [79/437] Hva forventer du ? 1 2 3 4 5 6 7 8 X 79 ...
    OK [medium] Du ser dette skiltet på veien. Hva betyr skiltet og hvo
    OK [medium] Du kjører på denne veien med våt asfalt og ser et veikr
  [80/437] Tema 1.2.d Skilt og oppmerking  Hovedmomenter  Bet ...
    OK [medium] Du nærmer deg dette skiltet. Hva betyr det, og hvordan 
    OK [easy] Hvilken farge og form har fareskilt i Norge, slik som s
  [81/437] Hva bør skiltet ”Gangfelt” bety for en fører? 1 2  ...
    OK [medium] Du nærmer deg et gangfelt og ser en fotgjenger som vent
    OK [easy] Hva forteller skiltet 'Gangfelt' deg om kjøreatferden d
  [82/437] Du er på øvelseskjøring og nærmer deg en uoversikt ...
    OK [medium] Du øvelseskjører og nærmer deg en uoversiktlig sving me
    OK [medium] Hvorfor er kombinasjonen av en uoversiktlig sving og en
  [83/437] 1 2 3 X Rundt svingen ligger en barnehage. Hva kan ...
    OK [medium] Du kjører på en grusvei og vet at det ligger en barneha
    OK [medium] En grusvei har begrenset sikt rundt en sving, og det li
  [84/437] Hva betyr disse skiltene for deg? 1 2 3 X 84 ...
    OK [medium] Du ser dette skiltet med et fly og underteksten '100 m'
    OK [easy] Du kjører mot en rundkjøring og ser blå skilt med hvite
  [85/437] 1 2 3 X Hva betyr dette skiltet for deg? 85 ...
    OK [easy] Du ser dette skiltet på en snødekt vei. Hva varsler ski
    OK [medium] Du kjører på denne vinterveien og nærmer deg et vegkrys
  [86/437] Hva betyr dette skiltet for deg? 1 2 3 X 86 ...
    OK [medium] Du kjører inn i et område med dette skiltet. Hvilken ha
    OK [medium] I en sone med dette skiltet, hvem har vikeplikt?
  [87/437] Vegmerking To farge systemet Langsgående vegmerkin ...
    OK [easy] Hva betyr skiltet som vises på bildet med en rød pil op
    OK [medium] Basert på bildet, hva er formålet med den gule langsgåe
  [88/437] Tilbake 88 ...
    HOPPET OVER (for kort tekst)
  [89/437] Tilbake 89 Bytt bilde ...
    INGEN spørsmål generert
  [90/437] Tilbake 90 Tilbake ...
    HOPPET OVER (for kort tekst)
  [91/437] Tilbake 91 ...
    HOPPET OVER (for kort tekst)
  [92/437] Sperrelinje Kjørefeltlinje Varsellinje Hvit midtli ...
    OK [medium] Hva er forskjellen mellom gul og hvit midtlinje på nors
    OK [hard] Du kjører på en vei med gul sperrelinje. Når er det til
  [93/437] 1 2 3 4 X 93 Sperrelinje Kjørefeltlinje Varsellinj ...
    OK [medium] Du kjører på en vei med gul midtlinje som vist på bilde
    OK [hard] Du ser en gul, stiplet midtlinje på veien. Når kan denn
  [94/437] 1 2 3 4 X 94 Sperrelinje Kjørefeltlinje Varsellinj ...
    OK [medium] Du kjører på veien vist på bildet. Hva forteller den gu
    OK [hard] På bildet ser du en vei med gul sperrelinje. Hvilken si
  [95/437] 1 2 3 4 X 95 Sperrelinje Kjørefeltlinje Varsellinj ...
    OK [medium] Du kjører på en vei med gul midtlinje som vist på bilde
    OK [hard] På bildet ser du en kombinasjon av sperrelinje og varse
  [96/437] Klart bilde Sperrelinje Kjørefeltlinje Varsellinje ...
    OK [medium] Du kjører på veien vist på bildet. Hva forteller de hvi
    OK [hard] Hva er forskjellen mellom en varsellinje og en kjørefel
  [97/437] 1 2 3 4 X 97 Sperrelinje Kjørefeltlinje Varsellinj ...
    OK [medium] Du kjører på denne veien og ser oppmerkningen på bakken
    OK [hard] Hva er forskjellen mellom varsellinje og sperrelinje, o
  [98/437] 1 2 3 4 X 98 Sperrelinje Kjørefeltlinje Varsellinj ...
    OK [medium] Du kjører på en vei med sperrelinje (hel hvit midtlinje
    OK [easy] Hva er forskjellen mellom en varsellinje og en sperreli
  [99/437] 1 2 3 4 X 99 Sperrelinje Kjørefeltlinje Varsellinj ...
    OK [medium] Du kjører på veien vist på bildet. Hva forteller pilmer
    OK [hard] På bildet ser du en motorveilignende vei med akselerasj
  [100/437] Hvorfor er det forskjellig form og farge på trafik ...
    OK [easy] Hvorfor brukes forskjellige former på trafikkskilt i No
    OK [medium] Du ser et trekantet skilt med rød kant. Hva forteller s
  [101/437] Hvorfor er det forskjellig form og farge på trafik ...
    OK [easy] Hva betyr det at trafikkskilt har ulik form og farge?
    OK [medium] Du ser et trekantet skilt med rød kant som på bildet. H
  [102/437] Hvorfor er det forskjellig form og farge på trafik ...
    OK [easy] Hvorfor har trafikkskilt ulik form og farge?
    OK [medium] Du ser et åttekantet rødt skilt med hvit tekst. Hva for
  [103/437] Hvorfor er det forskjellig form og farge på trafik ...
    OK [easy] Når du ser et trekantformet skilt med rød kant som på b
    OK [medium] Hvorfor brukes ulike former og farger på trafikkskilt, 
  [104/437] Hvorfor er det forskjellig form og farge på trafik ...
    OK [easy] Hvorfor har trafikkskilt forskjellig form og farge?
    OK [medium] Du kjører i høy hastighet og ser et skilt på avstand, m
  [105/437] Hvorfor er det forskjellig form og farge på trafik ...
    OK [easy] Hva betyr det når et trafikkskilt har rund form med rød
    OK [medium] Hvorfor brukes forskjellig form og farge på trafikkskil
  [106/437] Hvorfor er det forskjellig form og farge på trafik ...
    DUPLIKAT: Hvorfor har trafikkskilt ulik form og farge?
    OK [medium] Hva er hovedfordelen med at forbudsskilt og fareskilt h
  [107/437] Hvorfor er det forskjellig form og farge på trafik ...
    DUPLIKAT: Hvorfor har trafikkskilt forskjellig form og farge
    OK [medium] Du kjører i ukjent område og ser et skilt du ikke rekke
  [108/437] Tilbake 108 ...
    HOPPET OVER (for kort tekst)
  [109/437] Tilbake 109 Info Alminnelige bestemmelser  1. Fare ...
    OK [medium] Du ser et fareskilt med gul bunnfarge i stedet for hvit
    OK [easy] Hva er hovedformålet med fareskilt?
  [110/437] Tilbake 110 Info Alminnelige bestemmelser  1. Vike ...
    DUPLIKAT: Hva betyr dette skiltet?
    OK [medium] Du kjører på en forkjørsveg og passerer dette skiltet. 
  [111/437] Tilbake 111 Info Alminnelige bestemmelser  1. Forb ...
    OK [medium] Du passerer et forbudsskilt på en vei. Hvor langt gjeld
    OK [easy] Hva betyr det når et forbudsskilt har en diagonal strek
  [112/437] Tilbake 112 Info Alminnelige bestemmelser  1. Påbu ...
    OK [easy] Hva betyr det blå skiltet med hvit pil som peker oppove
    OK [medium] Hva er forskjellen mellom et påbudsskilt og et forbudss
  [113/437] Tilbake 113 Info Alminnelige bestemmelser  1. Oppl ...
    OK [medium] Hva er hovedformålet med opplysningsskilt i trafikken?
    OK [easy] Kan opplysningsskilt ha underskilt?
  [114/437] Tilbake 114 Info Alminnelige bestemmelser  1. Serv ...
    OK [easy] Hva er hovedformålet med serviceskilt?
    OK [medium] Du ser et serviceskilt med to symboler kombinert på sam
  [115/437] Tilbake 115 Info Alminnelige bestemmelser  Vegvisn ...
    OK [medium] Du kjører på en ukjent vei og ser et vegvisningsskilt m
    OK [hard] Du ser et vegvisningsskilt som viser et fartsgrenseskil
  [116/437] Tilbake 116 Info Alminnelige bestemmelser  1. Unde ...
    OK [easy] Når er et underskilt gyldig i trafikken?
    OK [medium] Du ser et underskilt med gul bunnfarge. Hva betyr dette
  [117/437] Tilbake 117 Info Alminnelige bestemmelser  1. Mark ...
    OK [medium] Du ser et markeringsskilt med rød bunnfarge og gule sym
    OK [easy] Hva er formålet med markeringsskilt i trafikken?
  [118/437] 118 ...
    HOPPET OVER (for kort tekst)
  [119/437] 1.3 Mennesket i trafikken Eleven skal ha grunnlegg ...
    OK [medium] Hvilken betydning har motivasjon og følelser for kjørep
    OK [hard] En bilist irriterer deg ved å kjøre veldig sakte foran 
  [120/437] se forstå velge 1 X 2 3 4 Se teknikk Lagspill kjør ...
    OK [medium] Hva er riktig rekkefølge i prosessen for sikker kjøring
    OK [hard] Hvorfor er «lagspill» en viktig del av kjøredyktighet?
  [121/437] se forstå velge Hva forstår du? 1 X 2 3 4 121 ...
    OK [easy] Hva er riktig rekkefølge i SEL-metoden (se-forstå-velge
    OK [medium] Du kjører på en lang, rett vei som på bildet. Hva bør d
  [122/437] se forstå velge Hva velger du? Signal/tegn? Fart?  ...
    OK [medium] Hva innebærer SEL-modellen (Se-Forstå-Velge) når du nær
    OK [easy] Hvilke tre handlingsvalg må du vurdere etter at du har 
  [123/437] 1 X 2 3 4 123 ...
    HOPPET OVER (for kort tekst)
  [124/437] 1 X 2 3 4 Hvor mange sorte prikker ser du? 124 ...
    INGEN spørsmål generert
  [125/437] Hvor sannsynelig er det at kvadratene  A og B har  ...
    INGEN spørsmål generert
  [126/437] 1 X 2 3 4 Hvem er høyest? 126 ...
    OK [medium] Bildet viser fire like store figurer i et perspektivbil
    OK [hard] Hva demonstrerer dette perspektivbildet om visuell pers
  [127/437] Kan du nevne faktorer som påvirker kjøreprosessen? ...
    OK [medium] Hvordan kan sterke følelser som sinne eller frustrasjon
    OK [hard] Hvilken faktor er MEST avgjørende for at kjøreprosessen
  [128/437] I hvilken grad er følelsene dine med på å bestemme ...
    OK [medium] Hvorfor er det viktig å være bevisst på hvordan følelse
    OK [hard] Du merker at du er svært irritert etter en krangel hjem
  [129/437] 1 2 3 4 X 129 ...
    HOPPET OVER (for kort tekst)
  [130/437] 1 2 3 4 X 130 ...
    HOPPET OVER (for kort tekst)
  [131/437] 1 2 3 4 X 131 ...
    HOPPET OVER (for kort tekst)
  [132/437] Se på de fire prikkene i midten uten å blunke i 90 ...
    INGEN spørsmål generert
  [133/437] Tema 1.3.b Samhandlingsperspektivet Hovedmomenter  ...
    OK [medium] Du kjører i et byområde og ser en fotgjenger som står v
    OK [hard] Du nærmer deg et kryss samtidig med en annen bilist. De
  [134/437] Lyssignal Tegn ? 134 ...
    OK [easy] Hva menes med 'tegn' som kommunikasjon i trafikken?
    OK [medium] Hvilke lyssignaler på bilen brukes for å gi tegn til an
  [135/437] Hva legger du i begrepene: ”signal” og ”tegn”? 1 2 ...
    OK [easy] Hva er forskjellen mellom 'signal' og 'tegn' i trafikke
    OK [medium] Du skal svinge til venstre i et kryss, men blinklyset d
  [136/437] Lag en skisse av en trafikksituasjon hvor tegn er  ...
    OK [medium] Hva er hovedformålet med å gi tegn til andre trafikante
    OK [hard] I hvilken situasjon er det særlig viktig å gi tydelige 
  [137/437] Lag en skisse av en trafikksituasjon hvor tegn er  ...
    OK [medium] Du oppdager is på veien foran deg. Hva er det viktigste
    OK [hard] Du ser at det ligger gjenstander i veibanen som kan vær
  [138/437] Hva legger du i begrepet ”kommunikasjon”? Hva legg ...
    OK [medium] Du skal svinge til venstre i et kryss og gir blinklys. 
    OK [hard] Hvorfor er tydelig trafikal kommunikasjon spesielt vikt
  [139/437] Hva kjennetegner sjåførene av disse kjøretøyene? 1 ...
    OK [medium] Hva kjennetegner sjåfører av turistbusser som dette kjø
    OK [medium] Hvordan bør du som personbilfører samarbeide med en tur
  [140/437] Hvordan vil du opptre her? 140 140 Trinn 1 Trinn 2 ...
    OK [medium] Du kjører på en vei der fartsgrensen er 140 km/t. Hvilk
    OK [hard] Ved svært høy hastighet (f.eks. 140 km/t) - hvordan påv
  [141/437] Tema 1.3.c Ansvarsforståelse, selvinnsikt og vilje ...
    OK [medium] Hva menes med spørsmålet «Er det bilen som velter, elle
    OK [hard] Hva er sammenhengen mellom risikoterskel og trafikkulyk
  [142/437] 1.4 Øvingskjøring og kjøreerfaring Eleven skal ha  ...
    OK [medium] Hvorfor er det viktig å automatisere grunnleggende hand
    OK [easy] Hva er sammenhengen mellom kjøreerfaring og ulykkesrisi
  [143/437] Hvorfor er det vanskelig å konsentrere seg om fler ...
    OK [medium] Hvorfor kan det være farlig å snakke i mobiltelefon men
    OK [hard] En bilfører kjører i tett trafikk samtidig som hun stil
  [144/437] Hvorfor avtar risikoen for å bli involvert i ulykk ...
    OK [medium] Hva er hovedårsaken til at erfarne bilførere har lavere
    OK [hard] Hvordan påvirker kjøreerfaring førerens mentale kapasit
  [145/437] Hva ønsker du å få kjøreerfaring i? 1 2 3 X 145 ...
    INGEN spørsmål generert
  [146/437] Krav til eleven Krav til bilen Krav til ledsager 1 ...
    OK [medium] Når du skal øvelseskjøre privat, hvem har ansvaret for 
    OK [easy] Hva er et av kravene til bilen som skal brukes til priv
  [147/437] L Krav til eleven Fylte 16 år Ikke ha sperrefrist  ...
    OK [easy] Maria er 15 år og 10 måneder. Hun ønsker å begynne med 
    OK [medium] Petter har fylt 16 år og har ingen sperrefrist. Han øns
  [148/437] Krav til bilen L 148 ...
    OK [medium] Hva er førers ansvar når det gjelder bilens tekniske ti
    OK [easy] Hvilke av følgende er lovpålagte krav til en bil for å 
  [149/437] L Fylte 25 år Innehatt førerkort sammenhengende de ...
    OK [medium] En person på 24 år har hatt førerkort i 6 år sammenheng
    OK [hard] Hva menes med at ledsager må ha hatt førerkort «sammenh
  [150/437] Hva vil det si å ha ”kjøreerfaring” og hvordan ska ...
    OK [medium] Hva er den viktigste forskjellen mellom en fersk sjåfør
    OK [hard] Hvordan kan en fersk sjåfør best bygge opp kjøreerfarin
  [151/437] Hva legger du i at kjøringen er automatisert? 151 ...
    OK [medium] Hva kjennetegner automatisert kjøring sammenlignet med 
    OK [hard] Når du kjører med automatiserte førerassistentsystemer,
  [152/437] 1.5 Førstehjelp Eleven skal beherske grunnleggende ...
    OK [medium] Du kommer først til et trafikkuhelsted. Hva er viktig å
    OK [hard] Hvorfor er det viktig å sikre skadestedet før du begynn
  [153/437] Bilen som kjørte 2 min foran deg har kollidert ret ...
    OK [medium] Du kommer kjørende og oppdager en trafikkulykke rett et
    OK [hard] Du er førstemann på et ulykkessted etter en uoversiktli
  [154/437] 1.7 Mørkekjøring Eleven skal gjennom demonstrasjon ...
    OK [medium] Du kjører i mørket og ser en fotgjenger med mørke klær 
    OK [medium] Du må gjøre en nødstopp på en mørk vei uten gatelys. Hv
  [155/437] Hvilke problemer kan kjøring i mørket gi? 1 2 X 15 ...
    OK [medium] Hvorfor er det vanskeligere å bedømme avstander når du 
    OK [medium] Hva bør du gjøre når du blir blendet av møtende kjøretø
  [156/437] Nærlys Fjernlys Parklys Møting 1 2 X 156 ...
    OK [medium] Hva er hovedforskjellen mellom nærlys og fjernlys når d
    OK [easy] Når du kjører i mørket og ser et motgående kjøretøy, hv
  [157/437] Å gjøre seg klar for kjøring Igangsetting og stans ...
    OK [medium] Hva er hovedmålet med trinn 2 i føreropplæringen når de
    OK [easy] Hvorfor er det viktig at eleven i trinn 2 også lærer å 
  [158/437] Tema 2.5 Å gjøre seg klar for kjøring Eleven skal  ...
    OK [medium] Hvorfor er det viktig å justere hodestøtten riktig før 
    OK [easy] Hva bør du kontrollere med sittestillingen din før du s
  [159/437] Tema 2.6 Igangsetting og stans Eleven skal kunne s ...
    OK [medium] Du skal sette i gang bilen i en bratt motbakke. Hvorfor
    OK [easy] Hva bør du alltid gjøre etter at du har stanset bilen o
  [160/437] Tema 2.7 Giring, akselerasjon, styring og bremsing ...
    OK [medium] Hvorfor er det viktig å observere i speilet før, under 
    OK [medium] Hvordan påvirker girvalget økonomisk og miljøvennlig kj
  [161/437] Tema 2.8 Rygging, vending og parkering Eleven skal ...
    OK [medium] Når du rygger med bil, hva er den viktigste årsaken til
    OK [easy] Du skal parkere i en gate med parallellparkering. Hvilk
  [162/437] Tema 2.9 Grunnleggende kjøretøybehandling under sa ...
    OK [medium] Du kjører i et område med liten trafikk og skal snart s
    OK [medium] Du skal skifte kjørefelt til venstre i et område med li
  [163/437] Tema 2.10 Sikkerhetskontroll av bilen Eleven skal  ...
    OK [medium] Før du starter en kjøretur, skal du utføre sikkerhetsko
    OK [easy] Hva bør du kontrollere for å sikre god sikt før du begy
  [164/437] 2.11 Obligatorisk veiledningstime Med utgangspunkt ...
    OK [medium] Hva er hovedformålet med den obligatoriske veiledningst
    OK [hard] Hva må eleven mestre før oppmerksomheten kan flyttes fr
  [165/437] Tema 2.1 Førerkort og trafikkopplæring Eleven skal ...
    OK [medium] Hvorfor er trafikkopplæringen for førerkort klasse B de
    OK [easy] Hva må være oppfylt før du kan øvingskjøre privat med e
  [166/437] § 3. Grunnregler for trafikk.         Enhver skal  ...
    OK [medium] Du kjører på en smal vei der en syklist sykler foran de
    OK [hard] Du skal parkere bilen i et boligområde sent på kvelden.
  [167/437] Kjøretøygrupper 167 ...
    HOPPET OVER (for kort tekst)
  [168/437] Trinn 1 Trinn 2 Trinn 3 Trinn 4 Om å veilede  ”….a ...
    OK [medium] Ifølge prinsippet om veiledning i føreropplæringen, hva
    OK [hard] Føreropplæringen er delt inn i fire trinn. Hvorfor er d
  [169/437] Krav til eleven Krav til bilen Krav til ledsager 1 ...
    OK [medium] Ved privat øvelseskjøring, hvem har det juridiske ansva
    OK [easy] Hvilke tre hovedelementer må oppfylle krav for at priva
  [170/437] L Krav til eleven Fylte 16 år Ikke ha sperrefrist  ...
    OK [easy] Hva må være gjennomført før en 16-åring kan begynne øve
    OK [medium] En 16-åring har gjennomført trafikalt grunnkurs, men ha
  [171/437] Krav til bilen L 171 ...
    DUPLIKAT: Hva er førers ansvar når det gjelder bilens teknis
    OK [easy] Hvilke av følgende er et lovpålagt krav til en bil som 
  [172/437] L Fylte 25 år Innehatt førerkort sammenhengende de ...
    OK [medium] En person på 24 år har hatt førerkort i 6 år sammenheng
    OK [hard] Hva skjer dersom en ledsager mister førerretten i en pe
  [173/437] Effekt? Max 125 cm3 Max 11kW /15 Hk Alder? 16 år K ...
    OK [medium] En 16-åring har nettopp tatt førerkort klasse A1. Hvilk
    OK [hard] Hvorfor har lovgiver satt en grense på både 125 cm³ syl
  [174/437] Alder? 24 år ved direkte erverv, eller 20 år med 2 ...
    OK [medium] En person er 22 år og har hatt førerkort klasse A2 i 2 
    OK [hard] Kari har førerkort klasse A og er 20 år gammel. Hvilken
  [175/437] Alder? 18 år Totalvekt? Max 3500 kg Sitteplasser?  ...
    OK [medium] Du har førerkort klasse B og kjører en bil med tillatt 
    OK [hard] En person tok førerkort klasse B i 2010. Hvilken av føl
  [176/437] Alder? 18 år Totalvekt? Over 3500 kg, men høyst 75 ...
    OK [medium] Du har førerkort klasse C1 tatt i 2020. Kan du kjøre en
    OK [hard] Du har førerkort klasse C1 tatt i 2003. Din venn tok sa
  [177/437] Alder? 18/ 21 år Totalvekt? Over 7500kg Sitteplass ...
    OK [medium] Du er 19 år og har førerkort klasse C. Hvilken tilhenge
    OK [hard] En person tok førerkort klasse C i 1995. Hva kan vedkom
  [178/437] Alder? 21 år Totalvekt? Max 5000kg Sitteplasser? M ...
    OK [medium] Du har førerkort klasse D1 og ønsker å kjøre minibuss m
    OK [hard] Erik tok førerkort klasse D2 i 1995 og har fornyet det 
  [179/437] Alder? 21/ 24 år Totalvekt? Over 5000kg Sitteplass ...
    OK [medium] Du er 22 år og har førerkort klasse B. Du ønsker å kjør
    OK [hard] En person tok førerkort klasse D i 1996 og fornyet føre
  [180/437] Totalvekt? 3500 kg Tok du klasse BE før 19. januar ...
    OK [medium] Du tok førerkort klasse BE i 2010. Hva kreves hvis du s
    OK [hard] Du har førerkort klasse B og CE. Du skal trekke tilheng
  [181/437] Alder? 18 år Mopedbil? Egenmasse på under 350 kg M ...
    OK [medium] En 17-åring har førerkort klasse AM 147. Hvilken mopedb
    OK [hard] Hva er forskjellen mellom 'egenmasse' og 'egenvekt' når
  [182/437] Alder? 16 år Moped? Max 50 cm3  Max 45 km/t AM 146 ...
    OK [medium] Du er 16 år og har førerkort klasse AM 146. En venn til
    OK [hard] Per fikk mopedførerbevis i 2003. Nå i 2024 ønsker han å
  [183/437] Alder? 18 år Beltemotorsykkel? Forhold mellom effe ...
    OK [medium] En 17-åring har førerkort klasse S. Hvilken beltemotors
    OK [hard] Hva skjer automatisk med føreretten i klasse S når inne
  [184/437] Alder? 21 år Ubegrenset totalvekt? Traktor begrens ...
    OK [medium] En 17-åring har hatt førerkort klasse T i 6 måneder. Hv
    OK [hard] Når kan en person med førerkort klasse T kjøre traktor 
  [185/437] Tema 2.2 Bilens oppbygging med tanke på sikkerhet  ...
    OK [medium] Hva er forskjellen mellom aktiv og passiv sikkerhet i e
    OK [medium] Hvorfor er det viktig at en bilfører har kunnskap om bå
  [186/437] Aktiv sikkerhet ABS bremser Alkolås Antiskrens Aut ...
    OK [medium] Hva er hovedforskjellen mellom aktiv og passiv sikkerhe
    OK [hard] Hvorfor er det viktig at en bil har god evne til å abso
  [187/437] 187 ...
    HOPPET OVER (for kort tekst)
  [188/437] § 13. Krav til kjøretøyer og bruk av kjøretøyer.   ...
    OK [medium] Hva er hovedkravet til kjøretøy ifølge vegtrafikkloven 
    OK [hard] Du har en moped og ønsker å gjøre endringer på den. Hva
  [189/437] Hvordan kan du kjøre økonomisk? 189 Trinn 1 Trinn  ...
    OK [medium] Du kjører på en vei som denne med snødekte fjell i bakg
    OK [easy] Hva er hovedformålet med økonomisk kjøring?
  [190/437] 1 2 3 4 5 6 X 190 ...
    HOPPET OVER (for kort tekst)
  [191/437] 1 2 3 4 5 6 X 191 ...
    HOPPET OVER (for kort tekst)
  [192/437] 1 2 3 4 5 6 X 192 ...
    HOPPET OVER (for kort tekst)
  [193/437] 1 2 3 4 5 6 X 193 ...
    HOPPET OVER (for kort tekst)
  [194/437] 1 2 3 4 5 6 X 194 ...
    HOPPET OVER (for kort tekst)
  [195/437] 1 2 3 4 5 6 X 195 ...
    HOPPET OVER (for kort tekst)
  [196/437] 1 2 3 4 5 6 X 196 ...
    HOPPET OVER (for kort tekst)
  [197/437] 1 2 3 4 5 6 X 197 ...
    HOPPET OVER (for kort tekst)
  [198/437] 1 2 3 4 5 6 X 198 ...
    HOPPET OVER (for kort tekst)
  [199/437] 1 2 3 4 5 6 X 199 ...
    HOPPET OVER (for kort tekst)
  [200/437] 1 2 3 4 5 6 X 200 ...
    HOPPET OVER (for kort tekst)
  [201/437] 1 2 3 4 5 6 X 201 ...
    HOPPET OVER (for kort tekst)
  [202/437] 1 2 3 4 5 6 X 202 ...
    HOPPET OVER (for kort tekst)
  [203/437] 1 2 3 4 5 6 X 203 ...
    HOPPET OVER (for kort tekst)
  [204/437] 1 2 3 4 5 6 X 204 ...
    HOPPET OVER (for kort tekst)
  [205/437] 1 2 3 4 5 6 X 205 ...
    HOPPET OVER (for kort tekst)
  [206/437] 1 2 3 4 5 6 X 206 ...
    HOPPET OVER (for kort tekst)
  [207/437] 1 2 3 4 5 6 X 207 ...
    HOPPET OVER (for kort tekst)
  [208/437] 1 2 3 4 5 6 X 208 ...
    HOPPET OVER (for kort tekst)
  [209/437] 1 2 3 4 5 6 X 209 ...
    HOPPET OVER (for kort tekst)
  [210/437] 1 2 3 4 5 6 X 210 ...
    HOPPET OVER (for kort tekst)
  [211/437] 1 2 3 4 5 6 X 211 ...
    HOPPET OVER (for kort tekst)
  [212/437] 1 2 3 4 5 6 X 212 ...
    HOPPET OVER (for kort tekst)
  [213/437] 1 2 3 4 5 6 X 213 ...
    HOPPET OVER (for kort tekst)
  [214/437] Tema 2.3 Ansvar for kjøretøyets stand og bruk, øko ...
    OK [medium] Du låner bort bilen din til en venn som kjører i ruspåv
    OK [hard] Du er involvert i en trafikkuhell hvor en person er ska
  [215/437] § 23. Ansvar for kjøretøyets stand m. m.         F ...
    OK [medium] Du skal kjøre bil for en venn som eier bilen. Hvem har 
    OK [hard] Du oppdager underveis i en kjøretur at bremsene fungere
  [216/437] Forskrift om bruk av kjøretøy. § 4-1. Trekking av  ...
    OK [medium] Du skal trekke en motorsykkel som har fått motorstopp. 
    OK [hard] Du kommer over en bilist som trenger hjelp med å trekke
  [217/437] (ingen tekst) ...
    HOPPET OVER (for kort tekst)
  [218/437] Tema 2.4 Menneskets kapasitet og trafikkens krav E ...
    OK [medium] Du kjører på denne veien og ser fotgjengere på venstre 
    OK [hard] Basert på bildet: Hvilken faktor kan påvirke din evne t
  [219/437] Systematisk Se teknikk Kjøring i bolig-tettsted- o ...
    OK [medium] Hva er hovedformålet med trinn 3 i føreropplæringen?
    OK [medium] Hvilken ferdighet skal eleven ha utviklet etter trinn 3
  [220/437] Tema 3.4 Systematisk og automatisert informasjonsi ...
    OK [medium] Hvorfor er det viktig å ha en systematisk se-teknikk nå
    OK [hard] Du kjører i et boligområde og nærmer deg et kryss med b
  [221/437] Tema 3.5: Kjøring i bolig- tettsteds- og bymiljø E ...
    OK [medium] Du kjører i et boligområde og ser et barn som leker med
    OK [medium] Hvordan kan du kjøre mest økonomisk og miljøvennlig i b
  [222/437] Tema 3.6 Kjøreteknikk på høyhastighetsvei Eleven s ...
    OK [medium] Du kjører på en høyhastighetsvei i 80 km/t og skal skif
    OK [hard] Hvorfor er det viktig å tilpasse hastigheten før, gjenn
  [223/437] Tema 3.7 Effektiv, økonomisk og miljøvennlig kjøri ...
    OK [medium] Du kjører i rushtrafikken og trafikken går sakte gjenno
    OK [easy] Hvorfor er det viktig å ha tidlig og fullstendig overbl
  [224/437] 3.8 Sikkerhetskurs på bane Sikkerhetskurs på bane  ...
    OK [medium] Sikkerhetskurs på bane skal som hovedregel gjennomføres
    OK [hard] Under sikkerhetskurs på bane er det maksimalt 4 biler v
  [225/437] 3.8.1. Mål, organisering og egne forventninger og  ...
    OK [medium] Du skal frakte en tung koffert i baksetet på bilen. Hvo
    OK [hard] Hvordan påvirker kjørehastigheten bremsestrekningens le
  [226/437] 3.8.1. Mål, organisering og egne forventninger og  ...
    OK [medium] Hvorfor er det viktig å sette egne mål for trafikkopplæ
    OK [easy] Hva er hensikten med å gjennomgå organiseringen av føre
  [227/437] 3.8.2 Sikring av personer og gods i og på bil Tema ...
    OK [medium] En gjenstand på 10 kg ligger løst i baksetet. Ved en ko
    OK [hard] Du skal ha et lite barn i forsetet på en bil med aktiv 
  [228/437] 3.8.3 Bremsing Tema 3.8.3.a Behovet for bremsestre ...
    OK [medium] Du bremser på en vei der venstre hjulsett har bedre veg
    OK [hard] Du kjører i 80 km/t og oppdager plutselig en hindring i
  [229/437] 3.8.4 Kjøring i sving Tema: 3.8.4.a Fartens betydn ...
    OK [medium] Du kjører i en sving og merker at ESP-systemet aktivere
    OK [hard] Hvorfor er det viktig å registrere så tidlig som mulig 
  [230/437] 3.8.5 Oppsummering og refleksjon Tema: 3.8.5.a Erf ...
    OK [medium] Etter gjennomført banekurs skal du reflektere over egne
    OK [medium] Ulykkesstatistikken viser at unge, ferske bilførere er 
  [231/437] 3.9 Obligatorisk veiledningstime Med utgangspunkt  ...
    OK [medium] Hva er hovedformålet med den obligatoriske veiledningst
    OK [hard] En elev har fullført trinn 3 ved trafikkskole. Hvorfor 
  [232/437] Tema 3.1 Trafikksystemet, trafikantgrupper og inte ...
    OK [medium] Trafikksystemet består av tre hovedelementer som påvirk
    OK [hard] Hvorfor oppstår det interessemotsetninger mellom ulike 
  [233/437] Tema 3.2 Veg, vegoppmerking, skilt og annen trafik ...
    OK [medium] Du ser et oransje veiskilt som viser retning til flere 
    OK [easy] Hva er hovedformålet med vegoppmerking i trafikken?
  [234/437] § 1. Definisjoner   I trafikkreglene forstås med:  ...
    OK [medium] Du stopper bilen ved fortauskanten for å slippe av en p
    OK [hard] En elektrisk rullestol har egenvekt 240 kg, lengde 175 
  [235/437] § 2. Definisjoner.         Med veg forstås i denne ...
    OK [medium] En parkeringsplass ligger ved siden av en offentlig vei
    OK [medium] En elektrisk sparkesykkel kjører på bakken uten skinner
  [236/437] Kjørebane Kjørefelt Midtrabatt Fortau Gangfelt Veg ...
    OK [easy] Du kjører på en veg med flere kjørefelt i samme retning
    OK [medium] Du nærmer deg et gangfelt hvor en fotgjenger venter på 
  [237/437] Sperrelinje Kjørefeltlinje Varsellinje Hvit midtli ...
    OK [medium] Du kjører på en vei med gul midtlinje. Hva er hovedfors
    OK [hard] Hva er forskjellen mellom en sperrelinje og en varselli
  [238/437] Hvit midtlinje Gul midtlinje Sperrelinje Kjørefelt ...
    OK [medium] Du kjører på en vei med varsellinje (hvit stiplet linje
    OK [hard] Hva er forskjellen mellom en kjørefeltlinje og en sperr
  [239/437] 239 TEKNISKE BESTEMMELSER OG RETNINGSLINJER ...
    OK [medium] Hva er hovedformålet med kantlinjer (linjetype 1012.1 o
    OK [hard] Hva betyr det når veien har en sperrelinje (1004) kombi
  [240/437] Tema 3.3 Atferd i trafikken Eleven skal gjøre rede ...
    OK [medium] Du skal svinge til venstre i første mulige kryss. Trafi
    OK [medium] Bildet viser en vei med fotgjengere på venstre side og 
  [241/437] 241 ...
    HOPPET OVER (for kort tekst)
  [242/437] Lisence to kill Kjørekompetanse i landevegsmiljø o ...
    OK [medium] Hva skal eleven ha utviklet etter å ha gjennomført trin
    OK [hard] Hvorfor er sikkerhetskurs på veg en obligatorisk del av
  [243/437] 243 IDP Hvilke gleder kan førerkortet gi deg? 1 2  ...
    OK [easy] Hva er en viktig fordel med å ha førerkort når det gjel
    OK [medium] Med de gledene førerkortet gir, følger det også ansvar.
  [244/437] 244 IDP Hvilke sorger kan det gi? 1 2 3 X 4 5 ...
    INGEN spørsmål generert
  [245/437] 245 1 2 3 X 4 5 IDP Hvem tror du er mest utsatt fo ...
    OK [medium] Hvilken aldersgruppe er statistisk mest utsatt for traf
    OK [hard] Hvordan bør du som sjåfør tilpasse kjøringen når du ser
  [246/437] 246 1 2 3 X 4 5 Hvor går grensen mellom; morsomt,  ...
    OK [medium] Forskning viser at frontallappene i hjernen ikke er fer
    OK [hard] Du er 18 år og kameraten din utfordrer deg til å kjøre 
  [247/437] 247 1 2 3 X 4 5 Hva skal til for at ungdom ikke ød ...
    OK [medium] Hva er den viktigste faktoren for å forebygge at ungdom
    OK [hard] Hvorfor er unge førere overrepresentert i alvorlige tra
  [248/437] 4.1.2 Kjørekompetanse i landevegsmiljø og forbikjø ...
    OK [medium] Du kjører på landeveg og ser at en bil bak deg vil kjør
    OK [medium] Hva må du særlig vurdere før du bestemmer deg for om en
  [249/437] 4.1.3 Planlegging og gjennomføring av kjøring i va ...
    OK [medium] Før du skal kjøre en lengre tur gjennom ulike trafikkmi
    OK [hard] Etter at du har håndtert en utfordrende trafikksituasjo
  [250/437] 4.1.1 Bilkjøringens risiko Eleven skal ha forståel ...
    OK [medium] Hva menes med begrepet 'kjøredyktighet' i trafikksikker
    OK [hard] En 19-åring kjører med venner sent på kvelden. Hvilken 
  [251/437] Hva legger du i begrepet risiko? 1 2 3 X 251 Risik ...
    OK [medium] En handling har svært lav sannsynlighet for å føre til 
    OK [hard] Du vurderer å kjøre forbi en bil på en strekning der si
  [252/437] 1 2 3 X 252 FAKTA  Ungdom er overrepresentert i tr ...
    OK [medium] Statistikk viser at jentenes risiko for trafikkulykker 
    OK [hard] Nær 80 prosent av de omkomne i trafikken var menn. Hvil
  [253/437] 1 2 3 X 253 ...
    HOPPET OVER (for kort tekst)
  [254/437] Hva legger du i begrepet: ”kjøredyktighet”? 254 Hv ...
    OK [medium] Hvilken egenskap bidrar mest til god trafikksikkerhet?
    OK [hard] En sjåfør prioriterer spenning og dristighet høyest i s
  [255/437] Hvordan kommer du deg ut på vegen? 1 2 3 4 5 X 255 ...
    OK [medium] Du står på en avkjørsel og skal kjøre ut på hovedveien.
    OK [hard] Du skal kjøre ut fra en rasteplass og inn på en trafikk
  [256/437] Tør du stoppe bak svingen? Hvordan kommer du deg t ...
    OK [medium] Du kjører på en smal fjellvei og må stoppe for å slippe
    OK [hard] Du kjører på en smal vei i bratt terreng med autovern p
  [257/437] Fra hvilken side trenger du størst luke? 1 2 3 4 5 ...
    OK [medium] Når du skal svinge til venstre inn i en sidevei, fra hv
    OK [hard] Hvorfor er det viktigere å vurdere tidsluke enn bare av
  [258/437] Du skal til venstre, hva gjør du? 1 2 3 4 5 X 258 ...
    OK [medium] Du kjører på en vei med avkjøring til venstre. Hvilken 
    OK [medium] Når du skal svinge til venstre i et veikryss, hva må du
  [259/437] Den gule bilen foran deg står i ditt kjørefelt. Hv ...
    OK [medium] Du kjører på en vei der det er en gul bil som står stil
    OK [medium] Du kommer til en situasjon der en bil står stille i dit
  [260/437] 260 Hva er forskjellene på ; morsomt, skummelt og  ...
    OK [medium] Du sitter på som passasjer og sjåføren kjører i 150 km/
    OK [hard] Hvorfor er kjøring i 150 km/t farlig og ikke bare 'skum
  [261/437] 4.1.4 Refleksjon og oppsummering Eleven skal utvek ...
    OK [medium] Hvorfor er det viktig at en fersk bilfører vurderer sin
    OK [hard] En elev har nettopp fullført en øvelseskjøring der han 
  [262/437] IDPHvilke situasjoner husker du best fra trinn 4? ...
    INGEN spørsmål generert
  [263/437] Hva er dine sterke sider som bilfører? 263 1 2 3 X ...
    OK [medium] Hvorfor er det viktig å kjenne sine egne sterke sider s
    OK [medium] Hva er hovedformålet med selvvurdering i trafikkopplæri
  [264/437] De første ni månedene med førerkort har en bilføre ...
    OK [medium] Hvorfor har ferske bilførere spesielt høy risiko for å 
    OK [hard] Hva er hovedårsaken til at risikoen for utforkjøring sy
  [265/437] 265 Hvilke utviklingsmuligheter har du til å bli e ...
    OK [medium] Ifølge forskning på hjernemodning, hvorfor er det vikti
    OK [hard] Du er 19 år og reflekterer over hva du er villig til å 
  [266/437] 266 Beskriv deg selv ved hjelp av noen stikkord  D ...
    OK [medium] Hvorfor er det viktig å reflektere over egne personlige
    OK [hard] En person beskriver seg selv som utålmodig og konkurran
  [267/437] § 1. Definisjoner   I trafikkreglene forstås med:  ...
    OK [medium] Du parkerer bilen din i 5 minutter mens du går inn i en
    OK [hard] En elektrisk rullestol veier 260 kg inkludert batterier
  [268/437] a b c d e f g h i j k l m a) Veg: Offentlig eller  ...
    OK [medium] Ifølge definisjonen av 'veg' i trafikkreglene, hvilke a
    OK [hard] Hva er det avgjørende kriteriet for at et område skal r
  [269/437] a b c d e f g h i j k l m b) Vegkryss: Sted hvor v ...
    OK [easy] Hva er definisjonen på et vegkryss ifølge trafikkreglen
    OK [medium] Du kjører på veien vist på bildet. En vei munner ut fra
  [270/437] a b c d e f g h i j k l m c) Kjørebane: Den del av ...
    OK [easy] Hva menes med begrepet 'kjørebane' i trafikkreglene?
    OK [medium] En syklist sykler på vegskulderen. Er syklisten på kjør
  [271/437] a b c d e f g h i j k l m d) Kjørefelt: Hvert enke ...
    OK [medium] Du ser på bildet en vei med flere felt. Hva definerer e
    OK [hard] På en bred vei uten oppmerking - kan det likevel være f
  [272/437] a b c d e f g h i j k l m e) Skulder: Den del av v ...
    OK [easy] Hva kalles den delen av vegen som ligger utenfor kantli
    OK [medium] Du kjører på en veg med kantlinje som vist på bildet. N
  [273/437] a b c d e f g h i j k l m f) Gangveg og sykkelveg: ...
    OK [medium] Hva kjennetegner en gang- og sykkelveg i følge trafikkr
    OK [medium] Hvilke metoder kan brukes for å skille en gang- og sykk
  [274/437] a b c d e f g h i j k l m g) Sykkelfelt: Kjørefelt ...
    OK [easy] Hva er et sykkelfelt?
    OK [medium] Hvordan blir et sykkelfelt etablert som gyldig?
  [275/437] a b c d e f g h i j k l m h) Fortau: Anlegg for gå ...
    OK [easy] Hva kjennetegner et fortau i henhold til trafikkreglene
    OK [medium] Du ser en person i rullestol på fortauet som i bildet. 
  [276/437] a b c d e f g h i j k l m i) Militær kjøretøykolon ...
    OK [medium] Hva er minimumskravet for at en gruppe militære kjøretø
    OK [hard] Du ser en kolonne med militære kjøretøyer. Det første k
  [277/437] a b c d e f g h i j k l m j) Planovergang: Kryssin ...
    OK [easy] Hva menes med en planovergang?
    OK [medium] Hvorfor er planoverganger ansett som spesielt farlige s
  [278/437] a b c d e f g h i j k l m k) Parkering: Enhver hen ...
    OK [medium] En sjåfør stopper bilen sin ved fortauskanten for å ven
    OK [hard] Du stopper varebilen din foran en butikk for å losse va
  [279/437] a b c d e f g h i j k l m l) Rullestol: Innretning ...
    OK [medium] En person i rullestol beveger seg på fortauet. Hvordan 
    OK [hard] En elektrisk rullestol har egenvekt på 200 kg, lengde 1
  [280/437] a b c d e f g h i j k l m m) Leketøy: Motorisert i ...
    OK [medium] Et motorisert kjøretøy beregnet for barn har en egenvek
    OK [hard] Hvorfor er det satt en grense på maksimalt 6 km/t og 50
  [281/437] Kjørebane Kjørefelt Midtrabatt Fortau Gangfelt Veg ...
    OK [easy] Hva er forskjellen mellom 'kjørebane' og 'kjørefelt'?
    OK [medium] Du kjører mot et gangfelt. Hvilken plikt har du som bil
  [282/437] § 2. Anvendelsesområde, fravikelse av vegtrafikkbe ...
    OK [medium] En person går på rulleski langs veien. Hvilke trafikkre
    OK [hard] En utrykningsbil med blålys kjører mot rødt lys i et ly
  [283/437] § 3. Anvisninger  1. Anvisning gitt ved trafikklys ...
    OK [medium] Du kjører mot et lyskryss. Trafikklyset viser grønt, me
    OK [hard] En politibetjent dirigerer trafikken i et kryss der tra
  [284/437] Hva skal du rette deg etter i trafikken? Trafikkre ...
    OK [easy] En politibetjent står i veikrysset og dirigerer trafikk
    OK [medium] Hvilken rekkefølge gjelder når det er motstrid mellom u
  [285/437] § 4. Bruk av kjørebane  1. Kjørende skal bruke kjø ...
    OK [medium] Du kjører en traktor som har en maksimal hastighet på 3
    OK [hard] En syklist ønsker å bruke sykkelfeltet. Hvilket utsagn 
  [286/437] § 5. Kjøretøys plass på vegen  1. Så langt forhold ...
    OK [medium] Du kjører på en motorvei med tre kjørefelt i din kjører
    OK [hard] Du nærmer deg et vegkryss med grønt lys, men ser at køe
  [287/437] § 6. Svinging  1. På kjørebane med to eller flere  ...
    OK [medium] Du kjører på en vei med tre kjørefelt i din kjøreretnin
    OK [hard] Du har nettopp svingt til venstre inn på en vei med tre
  [288/437] § 7. Vikeplikt  1. Trafikant som det skal vikes fo ...
    OK [medium] Du kjører på en vei med fartsgrense 50 km/t. En buss st
    OK [hard] Du sykler på en sykkelvei og skal krysse en vanlig kjør
  [289/437] V H 289 ...
    HOPPET OVER (for kort tekst)
  [290/437] § 8. Kjørefeltskifte  1. Kjørende som vil skifte k ...
    OK [medium] Du kjører på en motorvei hvor tre felt går over til to 
    OK [hard] Du kjører inn på motorveien via et akselerasjonsfelt (f
  [291/437] Hvordan gjør jeg det? Hva skal jeg gjøre? ...
    INGEN spørsmål generert
  [292/437] § 9. Særlige plikter overfor gående  1. Kjørende s ...
    OK [medium] Du kjører ut fra en parkeringsplass og må krysse et for
    OK [hard] Du sykler og skal passere en buss som har stanset ved e
  [293/437] § 10. Fri veg  1. Trafikant skal gi fri veg for ut ...
    OK [medium] Du kjører på en tofeltsvei og hører sirener bak deg. I 
    OK [hard] Du nærmer deg en planovergang med bommer og lyssignal. 
  [294/437] § 11. Rygging og vending  1. Den som rygger eller  ...
    OK [medium] Du skal rygge ut fra en parkeringsplass, men har ikke f
    OK [easy] Hvor er det forbudt å rygge eller vende?
  [295/437] § 12. Forbikjøring  1. Forbikjøring skal skje til  ...
    OK [medium] Du kjører på en vei med tett trafikk der alle kjørefelt
    OK [hard] Du nærmer deg et gangfelt og ser en lastebil som har st
  [296/437] § 13. Særlige bestemmelser om kjørefarten  1. Kjør ...
    OK [medium] Du kjører en lastebil med tillatt totalvekt på 5.000 kg
    OK [hard] Du ser en person som går med hvit stokk på fortauet ved
  [297/437] § 14. Signal og tegn  1. Unødig eller hensynsløs b ...
    OK [medium] Du kjører på en vanlig vei og vil skifte kjørefelt til 
    OK [hard] En ambulanse kommer bak deg med blinkende blått lys, me
  [298/437] § 15. Bruk av lys  1. Lys som er påbudt for kjøret ...
    OK [medium] Du kjører på en mørk landevei og møter en bil som komme
    OK [hard] Du har parkert bilen på en vei i mørket. Hvilken påstan
  [299/437] § 16. Forstyrrende kjøring og unødig støy m. m.  1 ...
    OK [medium] Du sitter i bilen og venter på en venn i et boligområde
    OK [hard] Du skal kjøre gjennom et boligområde sent på kvelden. H
  [300/437] § 17. Stans og parkering  1. Det er forbudt å stan ...
    OK [medium] Du skal stoppe for å slippe av en passasjer. Det er en 
    OK [hard] Du kjører på en forkjørsveg hvor fartsgrensen er 60 km/
  [301/437] § 18. Særlige bestemmelser for syklende  1. Syklen ...
    OK [medium] Du sykler på et fortau hvor det går noen fotgjengere sp
    OK [hard] Du sykler i et trafikkert lyskryss og skal svinge til v
  [302/437] § 19. Særlige bestemmelser for gående  1. Gående s ...
    OK [medium] Du går langs en vei uten fortau eller gangvei og leier 
    OK [hard] En fotgjenger skal krysse en kjørebane, men det er inge
  [303/437] § 20. Ikrafttredelse         Denne forskrift trer  ...
    OK [medium] Når trådte de gjeldende trafikkreglene i kraft i Norge?
    OK [hard] Hva skjedde med trafikkreglene fra 1957 da de nye regle
  [304/437] SE FORSTÅ VELGE Sansene Valgene Oppfatninger Trinn ...
    OK [medium] I føreropplæringens modell 'SE - FORSTÅ - VELGE' repres
    OK [hard] Føreropplæringen er delt inn i trinn 1-4. Hvorfor er de
  [305/437] Sansene Valgene Oppfatninger Sansene våre er det s ...
    OK [easy] Hvorfor er sansene viktige for deg som bilfører?
    OK [medium] En bilfører har nedsatt hørsel. Hvordan påvirker dette 
Traceback (most recent call last):
  File "C:\Users\Stein Hoang\thai2drive\backend\scripts\generate_from_pptx.py", line 287, in <module>
    asyncio.run(main())
  File "C:\Users\Stein Hoang\AppData\Local\Programs\Python\Python312\Lib\asyncio\runners.py", line 195, in run
    return runner.run(main)
           ^^^^^^^^^^^^^^^^
  File "C:\Users\Stein Hoang\AppData\Local\Programs\Python\Python312\Lib\asyncio\runners.py", line 118, in run
    return self._loop.run_until_complete(task)
           ^^^^^^^^^^^^^^^^^^^^^^^^^^^^^^^^^^^
  File "C:\Users\Stein Hoang\AppData\Local\Programs\Python\Python312\Lib\asyncio\base_events.py", line 691, in run_until_complete
    return future.result()
           ^^^^^^^^^^^^^^^
  File "C:\Users\Stein Hoang\thai2drive\backend\scripts\generate_from_pptx.py", line 251, in main
    print(f"  [{i}/{len(slides)}] {preview} ...", flush=True)
  File "C:\Users\Stein Hoang\AppData\Local\Programs\Python\Python312\Lib\encodings\cp1252.py", line 19, in encode
    return codecs.charmap_encode(input,self.errors,encoding_table)[0]
           ^^^^^^^^^^^^^^^^^^^^^^^^^^^^^^^^^^^^^^^^^^^^^^^^^^^^^^^
UnicodeEncodeError: 'charmap' codec can't encode character '\u2070' in position 15: character maps to <undefined>

============================================================
Fil: A-TEAM FÃ˜RSTEHJELP PP.pptx
Slides: 33
Allerede behandlet: 27 | Gjenstaar: 6
  [4/33] TÃ˜R DU?! ...
    HOPPET OVER (for kort tekst)
  [16/33] LIGGENDE ...
    HOPPET OVER (for kort tekst)
  [18/33] (ingen tekst) ...
    HOPPET OVER (for kort tekst)
  [20/33] (ingen tekst) ...
    HOPPET OVER (for kort tekst)
  [21/33] (ingen tekst) ...
    HOPPET OVER (for kort tekst)
  [25/33] HVA SER DERE HER? ...
    HOPPET OVER (for kort tekst)

============================================================
Fil: NYTT TGK A-TEAM ALLE DAGER (1).pptx
Slides: 152
Allerede behandlet: 75 | Gjenstaar: 77
  [1/152] VELKOMMEN TIL TRAFIKALT GRUNNKURS ...
    OK [easy] Hva er hovedformÃ¥let med trafikalt grunnkurs?
    OK [medium] NÃ¥r kan du begynne Ã¥ Ã¸velseskjÃ¸re med ledsager etter Ã¥ 
  [4/152] TRINNVIS OPPLÃ†RING ...
    HOPPET OVER (for kort tekst)
  [14/152] TRAFIKKSYSTEMET ...
    HOPPET OVER (for kort tekst)
  [26/152] TRAFIKKPYRAMIDEN ...
    HOPPET OVER (for kort tekst)
  [27/152] (ingen tekst) ...
    HOPPET OVER (for kort tekst)
  [28/152] (ingen tekst) ...
    HOPPET OVER (for kort tekst)
  [29/152] (ingen tekst) ...
    HOPPET OVER (for kort tekst)
  [30/152] (ingen tekst) ...
    HOPPET OVER (for kort tekst)
  [31/152] TRAFIKKLYS ...
    HOPPET OVER (for kort tekst)
  [32/152] POLITIETS TEGN ...
    HOPPET OVER (for kort tekst)
  [33/152] HVEM SKAL KJÃ˜RE? ...
    HOPPET OVER (for kort tekst)
  [37/152] PLASSERING ...
    HOPPET OVER (for kort tekst)
  [38/152] HVA SKJER HER? ...
    HOPPET OVER (for kort tekst)
  [40/152] KJÃ˜R TYDELIG! ...
    HOPPET OVER (for kort tekst)
  [41/152] FART ...
    HOPPET OVER (for kort tekst)
  [42/152] (ingen tekst) ...
    HOPPET OVER (for kort tekst)
  [45/152] HVILKE FARER? ...
    HOPPET OVER (for kort tekst)
  [46/152] (ingen tekst) ...
    HOPPET OVER (for kort tekst)
  [47/152] (ingen tekst) ...
    HOPPET OVER (for kort tekst)
  [48/152] (ingen tekst) ...
    HOPPET OVER (for kort tekst)
  [49/152] (ingen tekst) ...
    HOPPET OVER (for kort tekst)
  [51/152] KONKURRANSE ...
    HOPPET OVER (for kort tekst)
  [52/152] (ingen tekst) ...
    HOPPET OVER (for kort tekst)
  [55/152] HVEM HAR VIKEPLIKT? ...
    HOPPET OVER (for kort tekst)
  [56/152] HVEM HAR VIKEPLIKT? ...
    HOPPET OVER (for kort tekst)
  [57/152] HVEM HAR VIKEPLIKT? ...
    HOPPET OVER (for kort tekst)
  [58/152] HVEM HAR VIKEPLIKT? ...
    HOPPET OVER (for kort tekst)
  [59/152] HVEM HAR VIKEPLIKT? ...
    HOPPET OVER (for kort tekst)
  [62/152] FARESKILT ...
    HOPPET OVER (for kort tekst)
  [63/152] VIKEPLIKTSKILT ...
    HOPPET OVER (for kort tekst)
  [64/152] FORBUDSKILT ...
    HOPPET OVER (for kort tekst)
  [65/152] PÃ…BUDSKILT ...
    HOPPET OVER (for kort tekst)
  [66/152] OPPLYSNINGSSKILT ...
    HOPPET OVER (for kort tekst)
  [67/152] SERVICESKILT ...
    HOPPET OVER (for kort tekst)
  [68/152] VEGVISNINGSSKILT ...
    HOPPET OVER (for kort tekst)
  [69/152] UNDERSKILT ...
    HOPPET OVER (for kort tekst)
  [70/152] MARKERINGSSKILT ...
    HOPPET OVER (for kort tekst)
  [72/152] (ingen tekst) ...
    HOPPET OVER (for kort tekst)
  [73/152] (ingen tekst) ...
    HOPPET OVER (for kort tekst)
  [74/152] PARKERING ...
    HOPPET OVER (for kort tekst)
  [75/152] (ingen tekst) ...
    HOPPET OVER (for kort tekst)
  [76/152] (ingen tekst) ...
    HOPPET OVER (for kort tekst)
  [77/152] (ingen tekst) ...
    HOPPET OVER (for kort tekst)
  [78/152] (ingen tekst) ...
    HOPPET OVER (for kort tekst)
  [79/152] (ingen tekst) ...
    HOPPET OVER (for kort tekst)
  [80/152] (ingen tekst) ...
    HOPPET OVER (for kort tekst)
  [81/152] (ingen tekst) ...
    HOPPET OVER (for kort tekst)
  [82/152] (ingen tekst) ...
    HOPPET OVER (for kort tekst)
  [83/152] TAKK FOR I DAG! ...
    HOPPET OVER (for kort tekst)
  [84/152] VELKOMMEN TIL DAG 2 AV TGK ...
    INGEN spÃ¸rsmÃ¥l generert
  [87/152] KJÃ˜REPROSESSEN ...
    HOPPET OVER (for kort tekst)
  [90/152] KONKURRANSE NÃ¥ skal dere alle, en og en, lÃ¸pe sÃ¥ f ...
    INGEN spÃ¸rsmÃ¥l generert
  [91/152] KONKURRANSE Hvor mange ting oppfattet dere og hva  ...
    OK [medium] Hvorfor er det viktig Ã¥ trene pÃ¥ Ã¥ oppfatte flere detal
    OK [easy] Hva er hovedhensikten med observasjonsÃ¸velser i kjÃ¸reop
  [92/152] KONKURRANSE Denne gangen skal dere gÃ¥ rolig, se de ...
    OK [easy] Hvorfor er det viktig Ã¥ observere omgivelsene nÃ¸ye nÃ¥r 
    OK [medium] Hva er hovedformÃ¥let med Ã¥ trene pÃ¥ systematisk observa
  [95/152] (ingen tekst) ...
    HOPPET OVER (for kort tekst)
  [97/152] (ingen tekst) ...
    HOPPET OVER (for kort tekst)
  [98/152] (ingen tekst) ...
    HOPPET OVER (for kort tekst)
  [99/152] (ingen tekst) ...
    HOPPET OVER (for kort tekst)
  [100/152] (ingen tekst) ...
    HOPPET OVER (for kort tekst)
  [101/152] (ingen tekst) ...
    HOPPET OVER (for kort tekst)
  [110/152] HVILKE FARER?? ...
    HOPPET OVER (for kort tekst)
  [111/152] (ingen tekst) ...
    HOPPET OVER (for kort tekst)
  [112/152] (ingen tekst) ...
    HOPPET OVER (for kort tekst)
  [113/152] (ingen tekst) ...
    HOPPET OVER (for kort tekst)
  [114/152] (ingen tekst) ...
    HOPPET OVER (for kort tekst)
  [115/152] (ingen tekst) ...
    HOPPET OVER (for kort tekst)
  [116/152] (ingen tekst) ...
    HOPPET OVER (for kort tekst)
  [117/152] TAKK FOR I DAG! ...
    HOPPET OVER (for kort tekst)
  [118/152] VELKOMMEN TIL DAG 3 AV TGK ...
    INGEN spÃ¸rsmÃ¥l generert
  [133/152] (ingen tekst) ...
    HOPPET OVER (for kort tekst)
  [134/152] (ingen tekst) ...
    HOPPET OVER (for kort tekst)
  [135/152] (ingen tekst) ...
    HOPPET OVER (for kort tekst)
  [136/152] (ingen tekst) ...
    HOPPET OVER (for kort tekst)
  [137/152] (ingen tekst) ...
    HOPPET OVER (for kort tekst)
  [138/152] RISIKOOPPFATTELSE ...
    HOPPET OVER (for kort tekst)
  [151/152] Ã˜VELSE ...
    HOPPET OVER (for kort tekst)
  [152/152] TAKK FOR I DAG! ...
    HOPPET OVER (for kort tekst)

============================================================
Fil: 4tTrafikkalt.pptx
Slides: 437
Allerede behandlet: 253 | Gjenstaar: 184
  [68/437] 1 2 3 4 5 6 7 8 X 68 ...
    INGEN spÃ¸rsmÃ¥l generert
  [71/437] 71 1 2 3 4 5 6 7 8 X ...
    INGEN spÃ¸rsmÃ¥l generert
  [72/437] 72 1 2 3 4 5 6 7 8 X ...
    INGEN spÃ¸rsmÃ¥l generert
  [75/437] Hvordan vil du opptre her? 1 2 3 4 5 6 7 8 X 75 ...
    Parse-feil: Expecting ',' delimiter: line 15 column 5 (char 922)
    INGEN spÃ¸rsmÃ¥l generert
  [78/437] Hvordan vil du opptre her? 1 2 3 4 5 6 7 8 X 78 ...
    OK [medium] Du nÃ¦rmer deg en situasjon med flere trafikanter i veib
    OK [hard] I en uoversiktlig situasjon med mange trafikanter (som 
  [88/437] Tilbake 88 ...
    HOPPET OVER (for kort tekst)
  [89/437] Tilbake 89 Bytt bilde ...
    OK [medium] Du kjÃ¸rer den blÃ¥ lastebilen og skal svinge til venstre
    OK [medium] Du ser at det kommer en rÃ¸d bil pÃ¥ broen fra venstre. D
  [90/437] Tilbake 90 Tilbake ...
    HOPPET OVER (for kort tekst)
  [91/437] Tilbake 91 ...
    HOPPET OVER (for kort tekst)
  [108/437] Tilbake 108 ...
    HOPPET OVER (for kort tekst)
  [118/437] 118 ...
    HOPPET OVER (for kort tekst)
  [123/437] 1 X 2 3 4 123 ...
    HOPPET OVER (for kort tekst)
  [124/437] 1 X 2 3 4 Hvor mange sorte prikker ser du? 124 ...
    INGEN spÃ¸rsmÃ¥l generert
  [125/437] Hvor sannsynelig er det at kvadratene  A og B har  ...
    INGEN spÃ¸rsmÃ¥l generert
  [129/437] 1 2 3 4 X 129 ...
    HOPPET OVER (for kort tekst)
  [130/437] 1 2 3 4 X 130 ...
    HOPPET OVER (for kort tekst)
  [131/437] 1 2 3 4 X 131 ...
    HOPPET OVER (for kort tekst)
  [132/437] Se pÃ¥ de fire prikkene i midten uten Ã¥ blunke i 90 ...
    INGEN spÃ¸rsmÃ¥l generert
  [145/437] Hva Ã¸nsker du Ã¥ fÃ¥ kjÃ¸reerfaring i? 1 2 3 X 145 ...
    INGEN spÃ¸rsmÃ¥l generert
  [167/437] KjÃ¸retÃ¸ygrupper 167 ...
    HOPPET OVER (for kort tekst)
  [187/437] 187 ...
    HOPPET OVER (for kort tekst)
  [190/437] 1 2 3 4 5 6 X 190 ...
    HOPPET OVER (for kort tekst)
  [191/437] 1 2 3 4 5 6 X 191 ...
    HOPPET OVER (for kort tekst)
  [192/437] 1 2 3 4 5 6 X 192 ...
    HOPPET OVER (for kort tekst)
  [193/437] 1 2 3 4 5 6 X 193 ...
    HOPPET OVER (for kort tekst)
  [194/437] 1 2 3 4 5 6 X 194 ...
    HOPPET OVER (for kort tekst)
  [195/437] 1 2 3 4 5 6 X 195 ...
    HOPPET OVER (for kort tekst)
  [196/437] 1 2 3 4 5 6 X 196 ...
    HOPPET OVER (for kort tekst)
  [197/437] 1 2 3 4 5 6 X 197 ...
    HOPPET OVER (for kort tekst)
  [198/437] 1 2 3 4 5 6 X 198 ...
    HOPPET OVER (for kort tekst)
  [199/437] 1 2 3 4 5 6 X 199 ...
    HOPPET OVER (for kort tekst)
  [200/437] 1 2 3 4 5 6 X 200 ...
    HOPPET OVER (for kort tekst)
  [201/437] 1 2 3 4 5 6 X 201 ...
    HOPPET OVER (for kort tekst)
  [202/437] 1 2 3 4 5 6 X 202 ...
    HOPPET OVER (for kort tekst)
  [203/437] 1 2 3 4 5 6 X 203 ...
    HOPPET OVER (for kort tekst)
  [204/437] 1 2 3 4 5 6 X 204 ...
    HOPPET OVER (for kort tekst)
  [205/437] 1 2 3 4 5 6 X 205 ...
    HOPPET OVER (for kort tekst)
  [206/437] 1 2 3 4 5 6 X 206 ...
    HOPPET OVER (for kort tekst)
  [207/437] 1 2 3 4 5 6 X 207 ...
    HOPPET OVER (for kort tekst)
  [208/437] 1 2 3 4 5 6 X 208 ...
    HOPPET OVER (for kort tekst)
  [209/437] 1 2 3 4 5 6 X 209 ...
    HOPPET OVER (for kort tekst)
  [210/437] 1 2 3 4 5 6 X 210 ...
    HOPPET OVER (for kort tekst)
  [211/437] 1 2 3 4 5 6 X 211 ...
    HOPPET OVER (for kort tekst)
  [212/437] 1 2 3 4 5 6 X 212 ...
    HOPPET OVER (for kort tekst)
  [213/437] 1 2 3 4 5 6 X 213 ...
    HOPPET OVER (for kort tekst)
  [217/437] (ingen tekst) ...
    HOPPET OVER (for kort tekst)
  [241/437] 241 ...
    HOPPET OVER (for kort tekst)
  [244/437] 244 IDP Hvilke sorger kan det gi? 1 2 3 X 4 5 ...
    INGEN spÃ¸rsmÃ¥l generert
  [253/437] 1 2 3 X 253 ...
    HOPPET OVER (for kort tekst)
  [262/437] IDPHvilke situasjoner husker du best fra trinn 4? ...
    INGEN spÃ¸rsmÃ¥l generert
  [289/437] V H 289 ...
    HOPPET OVER (for kort tekst)
  [291/437] Hvordan gjÃ¸r jeg det? Hva skal jeg gjÃ¸re? ...
    INGEN spÃ¸rsmÃ¥l generert
  [306/437] 180â° 3-5 â° Sidesyn Skarpsyn Innvendig speil Utvend ...
    OK [medium] Hvorfor er det viktig Ã¥ sjekke blindsonen fÃ¸r filskifte
    OK [easy] Hva er forskjellen mellom skarpsyn og sidesyn nÃ¥r det g
  [307/437] 1 X 2 3 4 hva vil du se etter her? 307 ...
    OK [easy] Hva betyr skiltet du ser pÃ¥ hÃ¸yre side i dette bildet?
    OK [medium] Du kjÃ¸rer i et boligomrÃ¥de som dette. Hva bÃ¸r du vÃ¦re s
  [308/437] 1 X 2 3 4 Her ER det noe som beveger seg. Men blir ...
    OK [medium] Hva demonstrerer denne optiske illusjonen om hvordan Ã¸y
    OK [hard] Hvorfor er det viktig for bilfÃ¸rere Ã¥ vite at synet kan
  [309/437] Sansene Valgene Oppfatninger Vi oppfatter forskjel ...
    OK [medium] Bildet viser en kjent optisk illusjon. Hvorfor er det v
    OK [hard] Hvordan pÃ¥virker det at vi oppfatter forskjellig de val
  [310/437] 1 X 2 3 4 PÃ¥stand: Kvadratene  A og B har samme fa ...
    INGEN spÃ¸rsmÃ¥l generert
  [311/437] 1 X 2 3 4 311 ...
    HOPPET OVER (for kort tekst)
  [312/437] 1 X 2 3 4 312 ...
    HOPPET OVER (for kort tekst)
  [313/437] V H Hva velger du? Signal/tegn? Fart? Plassering?  ...
    OK [medium] Du kjÃ¸rer personbil og mÃ¸ter et tungt kjÃ¸retÃ¸y i en sit
    OK [medium] Bildet viser en beslutningssituasjon der du mÃ¥ velge me
  [314/437] 1 X 2 3 4 Hvilke valg vil du gjÃ¸re her? 314 ...
    OK [medium] Du kjÃ¸rer pÃ¥ denne veien og ser vikepliktskilt (trekant
    OK [medium] Du kjÃ¸rer i denne situasjonen og ser et skilt med Â«no p
  [315/437] 1 X 2 3 4 Hvilke valg vil du gjÃ¸re her? 315 ...
    OK [medium] Du ankommer et omrÃ¥de der passasjerer gÃ¥r av en turistb
    OK [medium] Du ser en person med bagasje som krysser veien ved en t
  [316/437] 1 X 2 3 4 Hvilke valg vil du gjÃ¸re her? 316 ...
    OK [medium] Du ser dette skiltet med en fotgjenger i en rÃ¸d varselt
    OK [medium] Du ser et gult firkantskilt med hvit kant (vikepliktski
  [317/437] Hvilke grunner har vi for Ã¥ signalisere og Ã¥ gi te ...
    OK [easy] Hva er hovedformÃ¥let med Ã¥ gi tegn og lyssignal i trafi
    OK [medium] Hva kan skje dersom du ikke gir tegn fÃ¸r du svinger ell
  [318/437] Hvor mange sekunder trenger du pÃ¥ Ã¥ forstÃ¥ andres  ...
    Parse-feil: Expecting ',' delimiter: line 15 column 5 (char 746)
    INGEN spÃ¸rsmÃ¥l generert
  [319/437] Du skal til Bergen. Hvordan vil du blinke? 1 3 X 2 ...
    OK [medium] Du kjÃ¸rer pÃ¥ E39 og skal til Bergen. Du nÃ¦rmer deg en r
    OK [easy] Hva viser skiltet pÃ¥ bildet om rundkjÃ¸ringen?
  [320/437] Du skal fÃ¸lge forkjÃ¸rsveien. Er det nÃ¸dvendig Ã¥ bl ...
    OK [medium] Du kjÃ¸rer pÃ¥ en forkjÃ¸rsvei og skal svinge til hÃ¸yre i 
    OK [hard] Du kjÃ¸rer pÃ¥ forkjÃ¸rsvei og forkjÃ¸rsveien svinger til v
  [321/437] Plassering i kryss Plassering pÃ¥ vegen ...
    OK [medium] Du kjÃ¸rer pÃ¥ en vei i et boligomrÃ¥de som vist pÃ¥ bildet
    OK [hard] Du skal svinge til venstre i et ukontrollert kryss som 
  [322/437] 1 2 3 4 5 6 8 X 7 322 ...
    INGEN spÃ¸rsmÃ¥l generert
  [323/437] 1 2 3 4 5 6 8 X 7 323 ...
    OK [medium] Hva betyr det grÃ¸nne pil-skiltet (â†“) over et kjÃ¸refelt 
    OK [medium] Hva betyr det rÃ¸de X-skiltet over et kjÃ¸refelt pÃ¥ en ve
  [324/437] 1 2 3 4 5 6 8 X 7 324 ...
    OK [medium] Du nÃ¦rmer deg rundkjÃ¸ringen pÃ¥ bildet. Hva betyr vikepl
    OK [easy] PÃ¥ bildet ser du en syklist pÃ¥ hÃ¸yre side av veien. Hva
  [325/437] 1 2 3 4 5 6 8 X 7 325 ...
    OK [medium] Du kjÃ¸rer pÃ¥ en smal fjellvei og mÃ¸ter et stort kjÃ¸retÃ¸
    OK [medium] Hva indikerer vanndrÃ¥pene pÃ¥ frontruten i dette bildet 
  [326/437] 1 2 3 4 5 6 8 X 7 326 ...
    INGEN spÃ¸rsmÃ¥l generert
  [327/437] 1 2 3 4 5 6 8 X 7 327 ...
    OK [easy] Du kjÃ¸rer pÃ¥ en smal vei og ser en fotgjenger som gÃ¥r l
    OK [medium] Du kjÃ¸rer langs en vei med fjellvegg pÃ¥ hÃ¸yre side og v
  [328/437] 1 2 3 4 5 6 8 X 7 328 ...
    OK [medium] Du kjÃ¸rer pÃ¥ en svingete vei som vist pÃ¥ bildet, med fj
    OK [easy] Hva er hovedformÃ¥let med autovernet (rekkverket) pÃ¥ ven
  [329/437] 1 2 3 4 5 6 7 8 X 329 ...
    OK [easy] Hva skal du gjÃ¸re nÃ¥r du ser et utrykningskjÃ¸retÃ¸y som 
    OK [medium] Hvorfor er det viktig Ã¥ holde god avstand til utrykning
  [330/437] Plassering i vegkryss 330 ...
    OK [medium] Du kjÃ¸rer en rÃ¸d bil og skal svinge til venstre i et ve
    OK [easy] Hvorfor er riktig plassering i vegkryss viktig?
  [331/437] Hvordan velge riktig fart? Hvordan stanse? Fartsav ...
    OK [medium] Du kjÃ¸rer pÃ¥ denne veien med grÃ¸nt lys. Hvilke faktorer
    OK [hard] Du nÃ¦rmer deg gangfeltet som er synlig i bildet. Hvorda
  [332/437] Hva er riktig fart her? Tr.reg.Â§13 Vtr.l.Â§6 Skilt  ...
    OK [medium] Du kjÃ¸rer pÃ¥ denne veien uten at det er satt opp fartsg
    OK [hard] Selv om fartsgrensen tillater 80 km/t pÃ¥ denne veien, h
  [333/437] Stopplengder 333 ...
    HOPPET OVER (for kort tekst)
  [334/437] Reaksjonslengde Bremselengde 20 30 40 50 60 70 80  ...
    OK [medium] Hvis du dobler farten fra 50 km/t til 100 km/t, hva skj
    OK [hard] Hvorfor er forskjellen mellom reaksjonslengde og bremse
  [335/437] Reaksjonslengde 20 : 3,6 = 5.5m Bremselengde 2 m 2 ...
    OK [medium] Ved 20 km/t er reaksjonslengden ca. 5,5 meter. Hva skje
    OK [hard] Hvorfor brukes tallet 3,6 i formelen for Ã¥ beregne reak
  [336/437] Reaksjonslengde 30 : 3,6 = 8,3m Bremselengde 4.5 m ...
    OK [medium] Du kjÃ¸rer i 30 km/t og har en reaksjonstid pÃ¥ 1 sekund.
    OK [hard] Ved et fotgjengerfelt i 30 km/t er reaksjonslengden 8,3
  [337/437] Reaksjonslengde 40 : 3,6 = 11m Bremselengde 8 m 20 ...
    OK [medium] Ved 40 km/t er reaksjonslengden ca. 11 meter. Hva skjer
    OK [hard] Ved 40 km/t er reaksjonslengden 11 m og bremselengden 8
  [338/437] Reaksjonslengde 50 : 3,6 = 14 m Bremselengde 12.5  ...
    OK [medium] Du kjÃ¸rer i 50 km/t og har en reaksjonslengde pÃ¥ 14 met
    OK [hard] Ved 50 km/t er reaksjonslengden 14 m og bremselengden 1
  [339/437] Reaksjonslengde 60 : 3,6 = 16.7m Bremselengde 18 m ...
    OK [medium] Du kjÃ¸rer i 60 km/t og reaksjonslengden er 16,7 meter. 
    OK [hard] Ved 60 km/t er reaksjonslengden 16,7 m og bremselengden
  [340/437] Reaksjonslengde 70 : 3,6 = 19,4m Bremselengde 24,5 ...
    OK [medium] Ved 70 km/t er reaksjonslengden ca. 19,4 meter. Hva skj
    OK [hard] Ved 70 km/t er reaksjonslengden 19,4 m og bremselengden
  [341/437] Reaksjonslengde 80 : 3,6 = 22m Bremselengde 32 m 2 ...
    OK [medium] Du kjÃ¸rer i 80 km/t og reaksjonslengden din er 22 meter
    OK [hard] Ved 80 km/t er reaksjonslengden 22 m og bremselengden 3
  [342/437] Reaksjonslengde 90 : 3,6 = 25m Bremselengde 40,5 m ...
    OK [medium] Du kjÃ¸rer i 90 km/t. IfÃ¸lge formelen for reaksjonslengd
    OK [hard] Formelen viser at reaksjonslengde ved 90 km/t er 25 met
  [343/437] Reaksjonslengde 100 : 3,6 = 27,8m Bremselengde 50  ...
    OK [medium] Du kjÃ¸rer i 100 km/t. IfÃ¸lge formelen for reaksjonsleng
    OK [hard] Ved 100 km/t er reaksjonslengden ca. 28 meter og bremse
  [344/437] KjÃ¸retÃ¸yer mm FÃ¸rer Trafikk mm Innledning Straff o ...
    OK [medium] Vegtrafikkloven er delt inn i flere kapitler. Hvilket k
    OK [hard] Hvis du er involvert i en trafikkulykke, hvilken del av
  [345/437] Kap. I. Innledning. Â§1 Lovens omrÃ¥de Â§2 Definisjon ...
    OK [easy] Hva er hovedformÃ¥let med Â§ 2 i vegtrafikkloven?
    OK [medium] Hvorfor er det viktig at vegtrafikkloven starter med Ã¥ 
  [346/437] Â§ 1. Lovens omrÃ¥de.  Â Â Â Â Â Â  Denne lov gjelder all  ...
    OK [medium] Du sykler pÃ¥ en privat skogsvei der det ikke er vanlig 
    OK [hard] En person stÃ¥r og venter pÃ¥ noen pÃ¥ en parkeringsplass 
  [347/437] Â§ 2. Definisjoner.  Â Â Â Â Â Â  Med veg forstÃ¥s i denne ...
    OK [medium] En parkeringsplass ligger i tilknytning til en offentli
    OK [medium] Hva er hovedforskjellen mellom et 'kjÃ¸retÃ¸y' og en 'mot
  [348/437] Kap. II. Trafikk m. m. Â§3 Grunnregler for trafikk  ...
    OK [medium] Du er involvert i en trafikkulykke der det kun er mater
    OK [hard] En ambulanse med blÃ¥lys og sirene nÃ¦rmer seg bakfra men
  [349/437] Â§ 3. Grunnregler for trafikk.  Â Â Â Â Â Â  Enhver skal  ...
    OK [medium] Du kjÃ¸rer i et boligomrÃ¥de og ser barn som leker ved ve
    OK [hard] En sjÃ¥fÃ¸r kjÃ¸rer lovlig, men blokkerer et veikryss unde
  [350/437] Â§ 4. Trafikkregler.  Â Â Â Â Â Â  Kongen gir alminnelige ...
    OK [medium] Hvem har myndighet til Ã¥ fastsette de alminnelige trafi
    OK [hard] Departementet kan delegere myndigheten til Ã¥ gi sÃ¦rlige
  [351/437] Â§ 5. Skiltregler m. m.  Â Â Â Â Â Â  Enhver skal vÃ¦re op ...
    OK [medium] Du kjÃ¸rer pÃ¥ en privat vei og ser et skilt som ligner v
    OK [hard] En person har fjernet et offentlig trafikkskilt fordi d
  [352/437] Â§ 6. Fartsregler.  Â Â Â Â Â Â  FÃ¸rer av kjÃ¸retÃ¸y skal a ...
    OK [medium] Du kjÃ¸rer pÃ¥ en vei uten fartsgrenseskilt. Hvordan avgj
    OK [hard] Fartsgrensen er 80 km/t, men det er tett tÃ¥ke og glatt 
  [353/437] Â§ 7. SÃ¦rlige forbud mot trafikk.  Â Â Â Â Â Â  Kongen el ...
    OK [medium] Det pÃ¥gÃ¥r veiarbeid pÃ¥ en fylkesvei, og det er behov fo
    OK [hard] Vegdirektoratet har fastsatt at transport av visse type
  [354/437] Â§ 7a. Veiprising  TilfÃ¸yes ved lov 15 juni 2001 nr ...
    OK [medium] Hva er hovedformÃ¥let med veiprising (Â§ 7a i Vegtrafikkl
    OK [hard] Hvorfor trer ikke Â§ 7a om veiprising automatisk i kraft
  [355/437] Â§ 8. Parkering.  Â Â Â Â Â Â  Kongen kan gi forskrift om ...
    OK [medium] Hvem kan gis myndighet til Ã¥ innfÃ¸re og hÃ¥ndheve avgift
    OK [hard] Hva kreves for at kommunen kan reservere parkeringsplas
  [356/437] Â§ 9. Trafikkregulering.  Â Â Â Â Â Â  Politiet kan regul ...
    OK [medium] Du kjÃ¸rer pÃ¥ en vei der fartsgrensen er 50 km/t. En pol
    OK [hard] Politiet har sperret av en vegstrekning pÃ¥ grunn av en 
  [357/437] Â§ 10. Trafikkontroll m. m.  Â Â Â Â Â Â  FÃ¸rer av kjÃ¸ret ...
    OK [easy] Du kjÃ¸rer bil og ser at politiet gir deg tegn om Ã¥ stan
    OK [medium] Hvem andre enn politiet kan kreve at du stanser for tra
  [358/437] Â§ 11. Unntak for utrykningskjÃ¸retÃ¸y m. m.  Â Â Â Â Â Â   ...
    OK [medium] En utrykningsbil med blÃ¥lys og sirene nÃ¦rmer seg deg ba
    OK [hard] Hvilke andre yrkesgrupper enn utrykningspersonell har r
  [359/437] Â§ 12. Plikter ved trafikkuhell.  Â Â Â Â Â Â  Enhver som ...
    OK [medium] Du er involvert i et trafikkuhell hvor en person har fÃ¥
    OK [hard] Du kommer til et ulykkessted hvor du ikke selv er innbl
  [360/437] Kap. III. KjÃ¸retÃ¸yer m. m. Â§13 Krav til kjÃ¸retÃ¸y Â§ ...
    OK [medium] Hva er hovedformÃ¥let med at motorvogner mÃ¥ registreres 
    OK [hard] Du kjÃ¸rer en utenlandsk registrert bil i Norge. Hva mÃ¥ 
  [361/437] Â§ 13. Krav til kjÃ¸retÃ¸yer og bruk av kjÃ¸retÃ¸yer.   ...
    OK [medium] En verkstedeier Ã¸nsker Ã¥ tilby trimming av mopeder for 
    OK [hard] En kommune Ã¸nsker Ã¥ innfÃ¸re piggdekkgebyr i sentrum. Hv
  [362/437] Â§ 13a. Forbud mot varslingsutstyr o.l. i motorvogn ...
    OK [medium] Du har en app pÃ¥ telefonen som varsler om fotobokser. E
    OK [hard] En passasjer i bilen din har med seg en radardetektor, 
  [363/437] Â§ 14. Godkjenning av kjÃ¸retÃ¸yer og utstyr m. m.  Â  ...
    OK [medium] Hvorfor krever loven at visse deler og utstyr til kjÃ¸re
    OK [hard] Hva kan vÃ¦re konsekvensen for en forhandler som selger 
  [364/437] Â§ 15. Registrering av motorvogn.  Â Â Â Â Â Â  Motorvogn ...
    OK [medium] Du har nettopp kjÃ¸pt en bruktbil. Hva er din plikt som 
    OK [hard] Hvorfor kan en motorvogn IKKE registreres uten gyldig f
  [365/437] Â§ 16. Unntak fra registreringsplikten.  Â Â Â Â Â Â  Dep ...
    OK [medium] Du skal bruke en uregistrert motorvogn for et enkelt op
    OK [hard] Hvem har myndighet til Ã¥ fastsette vilkÃ¥r og gebyr for 
  [366/437] Â§ 17. Bruk av motorvogn mv.  Â Â Â Â Â Â  For sÃ¥ vidt ik ...
    OK [medium] Du lÃ¥ner bort bilen din til en bekjent. Hvem har ansvar
    OK [hard] Hvor lenge kan et registreringspliktig kjÃ¸retÃ¸y uten lo
  [367/437] Â§ 18. (Opphevet ved lov 14 juni 2002 nr. 20 (i kra ...
    INGEN spÃ¸rsmÃ¥l generert
  [368/437] Â§ 19. KjÃ¸retÃ¸ykontroll.  Â Â Â Â Â Â  Eier av kjÃ¸retÃ¸y e ...
    OK [medium] Du har lÃ¥nt en venn sin bil for en lengre periode. Poli
    OK [hard] Regionvegkontoret kommer pÃ¥ inspeksjon til en bilforhan
  [369/437] Â§ 19a. KjÃ¸retÃ¸yverksteder m. m.  Â Â Â Â Â Â  Bare kjÃ¸re ...
    OK [medium] Hva er hovedformÃ¥let med at kun godkjente kjÃ¸retÃ¸yverks
    OK [hard] En bilentusiast Ã¸nsker Ã¥ skifte bremseklosser pÃ¥ sin eg
  [370/437] Â§ 20. Utenlandsk motorvogn.  Â Â Â Â Â Â  Departementet  ...
    OK [medium] Hvem har myndighet til Ã¥ fastsette regler for bruk av u
    OK [hard] Hvilke typer kjÃ¸retÃ¸y omfattes av bestemmelsene om uten
  [371/437] Kap. IV. FÃ¸rer av kjÃ¸retÃ¸y m.m. Â§21 Alminnelige pl ...
    OK [medium] En person har fÃ¥tt inndratt fÃ¸rerkortet pÃ¥ grunn av pro
    OK [hard] En yrkessjÃ¥fÃ¸r skal kjÃ¸re lastebil etter Ã¥ ha drukket a
  [372/437] Â§ 21. Alminnelige plikter.  Â Â Â Â Â Â  Ingen mÃ¥ fÃ¸re e ...
    OK [medium] En fÃ¸rer har ikke drukket alkohol, men har sovet svÃ¦rt 
    OK [hard] Hvilken av fÃ¸lgende situasjoner er IKKE nevnt i vegtraf
  [373/437] Â§ 22. AlkoholpÃ¥virkning av motorvognfÃ¸rer.  Â Â Â Â Â Â  ...
    OK [medium] Du har kjÃ¸rt bil og blir involvert i en trafikkulykke. 
    OK [hard] En sjÃ¥fÃ¸r blir stoppet av politiet og har 0,18 promille
  [374/437] Â§ 22a. Alkotest, utÃ¥ndingsprÃ¸ve, blodprÃ¸ve.  Â Â Â Â Â  ...
    OK [medium] Du blir stanset i en vanlig trafikkontroll. Kan politie
    OK [hard] En bilfÃ¸rer nekter Ã¥ blÃ¥se i alkometeret ved en trafikk
  [375/437] Â§ 22b. Pliktmessig avhold  TilfÃ¸yes ved lov 5 mai  ...
    OK [medium] Hva innebÃ¦rer begrepet 'pliktmessig avhold' for en fÃ¸re
    OK [hard] Hvilken forskjell er det mellom vanlige promillegrenser
  [376/437] Â§ 23. Ansvar for kjÃ¸retÃ¸yets stand m. m.  Â Â Â Â Â Â  F ...
    OK [medium] Du skal kjÃ¸re en lengre tur. NÃ¥r mÃ¥ du kontrollere at k
    OK [hard] Du lÃ¥ner bort bilen din til en venn. Bilen har defekte 
  [377/437] Â§ 23a. Personlig verneutstyr.  Â Â Â Â Â Â  Kongen kan b ...
    OK [medium] Hvem har ansvaret for at en 12 Ã¥r gammel passasjer bruk
    OK [hard] En 16-Ã¥ring sitter i baksetet uten bilbelte. Hvem kan h
  [378/437] Â§ 23b. Forbud mot bruk av elektronisk utstyr i mot ...
    OK [medium] Hva er hovedformÃ¥let med forbudet mot bruk av elektroni
    OK [hard] Hvem har myndighet til Ã¥ fastsette detaljerte regler om
  [379/437] Â§ 24. Alminnelige regler om fÃ¸rerett, fÃ¸rerkort, f ...
    OK [medium] Du har nettopp fÃ¥tt fÃ¸rerkort for personbil. Hvor lenge
    OK [hard] En person med gyldig fÃ¸rerkort oppdager at synet hans h
  [380/437] Â§ 24a. Sperrefrist for retten til Ã¥ fÃ¸re fÃ¸rerkort ...
    OK [medium] En 16-Ã¥ring blir tatt for ulovlig kjÃ¸ring av motorsykke
    OK [hard] En person uten fÃ¸rerrett blir mistenkt for promillekjÃ¸r
  [381/437] Â§ 25. (Opphevet ved lov 10 april 1981 nr. 8.) FÃ¸re ...
    INGEN spÃ¸rsmÃ¥l generert
  [382/437] Â§ 26. Ã˜vingskjÃ¸ring.  Â Â Â Â Â Â  Ã˜vingskjÃ¸ring mÃ¥ ikke ...
    OK [medium] Du er 24 Ã¥r og har hatt fÃ¸rerkort i 6 Ã¥r. Kan du vÃ¦re l
    OK [hard] Under Ã¸vingskjÃ¸ring blir bilen stanset i en politikontr
  [383/437] Â§ 27. TrafikklÃ¦rere og trafikkskoler.  Â Â Â Â Â Â  Pers ...
    OK [medium] En person pÃ¥ 20 Ã¥r har bestÃ¥tt trafikklÃ¦rerprÃ¸ven og ha
    OK [hard] Hvilke krav stilles til vandel for Ã¥ bli godkjent som t
  [384/437] Â§ 28. TrafikkopplÃ¦ring.  Â Â Â Â Â Â  Departementet kan  ...
    OK [medium] Hvem har myndighet til Ã¥ fastsette lÃ¦replan for trafikk
    OK [hard] Hva kan Departementet kreve nÃ¥r det gjelder lÃ¦revogn og
  [385/437] Â§ 29. Kvalifikasjonskrav til yrkessjÃ¥fÃ¸rer  Â Â Â Â Â Â  ...
    OK [medium] Du kjÃ¸rer lastebil mot betaling for et transportfirma. 
    OK [hard] Hvorfor stiller vegtrafikkloven sÃ¦rskilte kvalifikasjon
  [386/437] Â§ 30. MotorvognfÃ¸rer med utenlandsk fÃ¸rerkort elle ...
    OK [medium] Hvem har myndighet til Ã¥ fastsette reglene for bruk av 
    OK [hard] En person med gyldig fÃ¸rerkort fra et land utenfor EÃ˜S 
  [387/437] Kap. V. Straff og inndraging m.m. Â§31 Straffebeste ...
    OK [medium] Hva er forskjellen mellom 'tap av fÃ¸rerrett' (Â§33) og '
    OK [hard] En utenlandsk sjÃ¥fÃ¸r begÃ¥r en alvorlig fartsoverskridel
  [388/437] Â§ 31. Alminnelige straffebestemmelser.  Â Â Â Â Â Â  Den ...
    OK [medium] En person kjÃ¸rer bil med en promille pÃ¥ 0,8. Hva er den
    OK [hard] Hva skjer vanligvis dersom en person som tidligere er s
  [389/437] Â§ 31a. Gebyr for parkeringsovertredelser og visse  ...
    OK [medium] Du har fÃ¥tt et parkeringsgebyr og mener det er feil. Du
    OK [hard] Du Ã¸nsker Ã¥ klage pÃ¥ et parkeringsgebyr til tingretten,
  [390/437] Â§ 31b. Forenklet forelegg.  Â Â Â Â Â Â  Kongen kan best ...
    OK [medium] Du blir stoppet av politiet og fÃ¥r utskrevet et forenkl
    OK [hard] Du har vedtatt et forenklet forelegg for en trafikkfors
  [391/437] Â§ 32. Overtredelse av vegtrafikkbestemmelser i utl ...
    OK [hard] Hva kreves normalt for at Norge skal kunne straffe traf
    OK [medium] Hvilke nordiske land har sÃ¦rstilling nÃ¥r det gjelder st
  [392/437] Â§ 33. Tap av retten til Ã¥ fÃ¸re fÃ¸rerkortpliktig mo ...
    AI-feil: Error code: 400 - {'type': 'error', 'error': {'type': 'invalid_request_error', 'message': 'Your credit balance is too low to access the Anthropic API. Please go to Plans & Billing to upgrade or purchase credits.'}, 'request_id': 'req_011Cb1zvA6nrJAvptGEz5NXE'}
    INGEN spÃ¸rsmÃ¥l generert
  [393/437] Â§ 34. Tilbakekall av retten til Ã¥ fÃ¸re motorvogn m ...
    AI-feil: Error code: 400 - {'type': 'error', 'error': {'type': 'invalid_request_error', 'message': 'Your credit balance is too low to access the Anthropic API. Please go to Plans & Billing to upgrade or purchase credits.'}, 'request_id': 'req_011Cb1zvBPga95n6RTP8ZzRY'}
    INGEN spÃ¸rsmÃ¥l generert
  [394/437] Â§ 35. Forbud mot Ã¥ kjÃ¸re fÃ¸rerkortfri motorvogn.   ...
    AI-feil: Error code: 400 - {'type': 'error', 'error': {'type': 'invalid_request_error', 'message': 'Your credit balance is too low to access the Anthropic API. Please go to Plans & Billing to upgrade or purchase credits.'}, 'request_id': 'req_011Cb1zvCPxfi8URE1aPeJsj'}
    INGEN spÃ¸rsmÃ¥l generert
  [395/437] Â§ 36. Forbud mot bruk av kjÃ¸retÃ¸y, inndragning av  ...
    AI-feil: Error code: 400 - {'type': 'error', 'error': {'type': 'invalid_request_error', 'message': 'Your credit balance is too low to access the Anthropic API. Please go to Plans & Billing to upgrade or purchase credits.'}, 'request_id': 'req_011Cb1zvDuVTKTM4bi1n9pek'}
    INGEN spÃ¸rsmÃ¥l generert
  [396/437] Â§ 36a. Gebyr for overlasting.  Â Â Â Â Â Â  Kongen kan b ...
    AI-feil: Error code: 400 - {'type': 'error', 'error': {'type': 'invalid_request_error', 'message': 'Your credit balance is too low to access the Anthropic API. Please go to Plans & Billing to upgrade or purchase credits.'}, 'request_id': 'req_011Cb1zvEnL8Uo3Sp2qmuGFG'}
    INGEN spÃ¸rsmÃ¥l generert
  [397/437] Â§ 36b. Tilbakeholdsrett i motorvogn.  Â Â Â Â Â Â  Derso ...
    AI-feil: Error code: 400 - {'type': 'error', 'error': {'type': 'invalid_request_error', 'message': 'Your credit balance is too low to access the Anthropic API. Please go to Plans & Billing to upgrade or purchase credits.'}, 'request_id': 'req_011Cb1zvFq5pioPWnSdiimj7'}
    INGEN spÃ¸rsmÃ¥l generert
  [398/437] Â§ 37. Fjerning og forvaring av kjÃ¸retÃ¸y m. m.  Â Â Â  ...
    AI-feil: Error code: 400 - {'type': 'error', 'error': {'type': 'invalid_request_error', 'message': 'Your credit balance is too low to access the Anthropic API. Please go to Plans & Billing to upgrade or purchase credits.'}, 'request_id': 'req_011Cb1zvGpcCowbytyUZkBeb'}
    INGEN spÃ¸rsmÃ¥l generert
  [399/437] Â§ 38. Panterett og inndriving m. m.  Â Â Â Â Â Â  Forfal ...
    AI-feil: Error code: 400 - {'type': 'error', 'error': {'type': 'invalid_request_error', 'message': 'Your credit balance is too low to access the Anthropic API. Please go to Plans & Billing to upgrade or purchase credits.'}, 'request_id': 'req_011Cb1zvHqdGi59HigCqUM3a'}
    INGEN spÃ¸rsmÃ¥l generert
  [400/437] Kap. VI. Forskjellige bestemmelser. Â§39 Klage og o ...
    AI-feil: Error code: 400 - {'type': 'error', 'error': {'type': 'invalid_request_error', 'message': 'Your credit balance is too low to access the Anthropic API. Please go to Plans & Billing to upgrade or purchase credits.'}, 'request_id': 'req_011Cb1zvJpfMasc5JErioPyD'}
    INGEN spÃ¸rsmÃ¥l generert
  [401/437] Â§ 39. Klage og omgjÃ¸ring av politiets vedtak om ti ...
    AI-feil: Error code: 400 - {'type': 'error', 'error': {'type': 'invalid_request_error', 'message': 'Your credit balance is too low to access the Anthropic API. Please go to Plans & Billing to upgrade or purchase credits.'}, 'request_id': 'req_011Cb1zvKmTtps78XnoSwwMB'}
    INGEN spÃ¸rsmÃ¥l generert
  [402/437] Â§ 40. Forkorting pÃ¥ grunn av etterfÃ¸lgende forhold ...
    AI-feil: Error code: 400 - {'type': 'error', 'error': {'type': 'invalid_request_error', 'message': 'Your credit balance is too low to access the Anthropic API. Please go to Plans & Billing to upgrade or purchase credits.'}, 'request_id': 'req_011Cb1zvLkW5YYCVyjYCQfFt'}
    INGEN spÃ¸rsmÃ¥l generert
  [403/437] Â§ 40a. Ansvar for trafikksikkerhetsarbeid.  Â Â Â Â Â Â  ...
    AI-feil: Error code: 400 - {'type': 'error', 'error': {'type': 'invalid_request_error', 'message': 'Your credit balance is too low to access the Anthropic API. Please go to Plans & Billing to upgrade or purchase credits.'}, 'request_id': 'req_011Cb1zvMg4b481ThuNFGyeX'}
    INGEN spÃ¸rsmÃ¥l generert
  [404/437] Â§ 40b. Utgifter til ledsaging av spesialtransporte ...
    AI-feil: Error code: 400 - {'type': 'error', 'error': {'type': 'invalid_request_error', 'message': 'Your credit balance is too low to access the Anthropic API. Please go to Plans & Billing to upgrade or purchase credits.'}, 'request_id': 'req_011Cb1zvNbsaYHRkrjEkFEGi'}
    INGEN spÃ¸rsmÃ¥l generert
  [405/437] Â§ 41. KjÃ¸retÃ¸y kjÃ¸pt pÃ¥ avbetaling.  Â Â Â Â Â Â  For kj ...
    AI-feil: Error code: 400 - {'type': 'error', 'error': {'type': 'invalid_request_error', 'message': 'Your credit balance is too low to access the Anthropic API. Please go to Plans & Billing to upgrade or purchase credits.'}, 'request_id': 'req_011Cb1zvPWhALkAa57FgZoJG'}
    INGEN spÃ¸rsmÃ¥l generert
  [406/437] Â§ 42. Forsvarets og Sivilforsvarets kjÃ¸retÃ¸yer.  Â  ...
    AI-feil: Error code: 400 - {'type': 'error', 'error': {'type': 'invalid_request_error', 'message': 'Your credit balance is too low to access the Anthropic API. Please go to Plans & Billing to upgrade or purchase credits.'}, 'request_id': 'req_011Cb1zvQRmAhUfaDQkcYEXB'}
    INGEN spÃ¸rsmÃ¥l generert
  [407/437] Â§ 43. GjennomfÃ¸ring av loven.  Â Â Â Â Â Â  Kongen kan g ...
    AI-feil: Error code: 400 - {'type': 'error', 'error': {'type': 'invalid_request_error', 'message': 'Your credit balance is too low to access the Anthropic API. Please go to Plans & Billing to upgrade or purchase credits.'}, 'request_id': 'req_011Cb1zvRL5rXYjeFx6MLV7S'}
    INGEN spÃ¸rsmÃ¥l generert
  [408/437] Â§ 43a. Forholdet til tjenesteloven  Â Â Â Â Â Â  NÃ¥r det ...
    AI-feil: Error code: 400 - {'type': 'error', 'error': {'type': 'invalid_request_error', 'message': 'Your credit balance is too low to access the Anthropic API. Please go to Plans & Billing to upgrade or purchase credits.'}, 'request_id': 'req_011Cb1zvSG96ModXdTtiWCZw'}
    INGEN spÃ¸rsmÃ¥l generert
  [409/437] Kap. VII. UndersÃ¸kelse av trafikkulykker mv. Â§44 U ...
    AI-feil: Error code: 400 - {'type': 'error', 'error': {'type': 'invalid_request_error', 'message': 'Your credit balance is too low to access the Anthropic API. Please go to Plans & Billing to upgrade or purchase credits.'}, 'request_id': 'req_011Cb1zvTEBLFC2BsELH23Cd'}
    INGEN spÃ¸rsmÃ¥l generert
  [410/437] Â§ 44. UndersÃ¸kelsesmyndigheten  Â Â Â Â Â Â  UndersÃ¸kels ...
    AI-feil: Error code: 400 - {'type': 'error', 'error': {'type': 'invalid_request_error', 'message': 'Your credit balance is too low to access the Anthropic API. Please go to Plans & Billing to upgrade or purchase credits.'}, 'request_id': 'req_011Cb1zvUCUJ8t14nYY4WsrS'}
    INGEN spÃ¸rsmÃ¥l generert
  [411/437] Â§ 45. Varsling av trafikkulykker mv.  Â Â Â Â Â Â  Polit ...
    AI-feil: Error code: 400 - {'type': 'error', 'error': {'type': 'invalid_request_error', 'message': 'Your credit balance is too low to access the Anthropic API. Please go to Plans & Billing to upgrade or purchase credits.'}, 'request_id': 'req_011Cb1zvVBkc8wXa3AmRdnnF'}
    INGEN spÃ¸rsmÃ¥l generert
  [412/437] Â§ 46. Sikring av bevis mv.  Â Â Â Â Â Â  UndersÃ¸kelsesmy ...
    AI-feil: Error code: 400 - {'type': 'error', 'error': {'type': 'invalid_request_error', 'message': 'Your credit balance is too low to access the Anthropic API. Please go to Plans & Billing to upgrade or purchase credits.'}, 'request_id': 'req_011Cb1zvW74qoz8xnP6n7f1z'}
    INGEN spÃ¸rsmÃ¥l generert
  [413/437] Â§ 47. Forklaringsplikt til undersÃ¸kelsesmyndighete ...
    AI-feil: Error code: 400 - {'type': 'error', 'error': {'type': 'invalid_request_error', 'message': 'Your credit balance is too low to access the Anthropic API. Please go to Plans & Billing to upgrade or purchase credits.'}, 'request_id': 'req_011Cb1zvX28n6UkiRNTVWUMK'}
    INGEN spÃ¸rsmÃ¥l generert
  [414/437] Â§ 48. Taushetsplikt  Â Â Â Â Â Â  Enhver som utfÃ¸rer tje ...
    AI-feil: Error code: 400 - {'type': 'error', 'error': {'type': 'invalid_request_error', 'message': 'Your credit balance is too low to access the Anthropic API. Please go to Plans & Billing to upgrade or purchase credits.'}, 'request_id': 'req_011Cb1zvXwwiJwkW6AnjcN5A'}
    INGEN spÃ¸rsmÃ¥l generert
  [415/437] Â§ 49. Forbud mot bruk som bevis i straffesak  Â Â Â Â  ...
    AI-feil: Error code: 400 - {'type': 'error', 'error': {'type': 'invalid_request_error', 'message': 'Your credit balance is too low to access the Anthropic API. Please go to Plans & Billing to upgrade or purchase credits.'}, 'request_id': 'req_011Cb1zvYt1BfUnPTZazKksm'}
    INGEN spÃ¸rsmÃ¥l generert
  [416/437] Â§ 50. Forbud mot sanksjoner fra arbeidsgiver  Â Â Â Â  ...
    AI-feil: Error code: 400 - {'type': 'error', 'error': {'type': 'invalid_request_error', 'message': 'Your credit balance is too low to access the Anthropic API. Please go to Plans & Billing to upgrade or purchase credits.'}, 'request_id': 'req_011Cb1zvZqYziFjkaYi4bLmr'}
    INGEN spÃ¸rsmÃ¥l generert
  [417/437] Â§ 51. UndersÃ¸kelsesrapporter mv.  Â Â Â Â Â Â  Departeme ...
    AI-feil: Error code: 400 - {'type': 'error', 'error': {'type': 'invalid_request_error', 'message': 'Your credit balance is too low to access the Anthropic API. Please go to Plans & Billing to upgrade or purchase credits.'}, 'request_id': 'req_011Cb1zvbaEF5nqnZfTV5sDC'}
    INGEN spÃ¸rsmÃ¥l generert
  [418/437] Kap. VIII. Slutningsbestemmelser. Â§52 Ikrafttreden ...
    AI-feil: Error code: 400 - {'type': 'error', 'error': {'type': 'invalid_request_error', 'message': 'Your credit balance is too low to access the Anthropic API. Please go to Plans & Billing to upgrade or purchase credits.'}, 'request_id': 'req_011Cb1zvcXXarYPz5Fif4jbH'}
    INGEN spÃ¸rsmÃ¥l generert
  [419/437] Â§ 52. Ikrafttreden m. m.  Â Â Â Â Â Â  Denne lov trer i  ...
    AI-feil: Error code: 400 - {'type': 'error', 'error': {'type': 'invalid_request_error', 'message': 'Your credit balance is too low to access the Anthropic API. Please go to Plans & Billing to upgrade or purchase credits.'}, 'request_id': 'req_011Cb1zvdT647G5PMNpXqrBe'}
    INGEN spÃ¸rsmÃ¥l generert
  [420/437] 11  Rygging og vending 16 Forstyrrende kjÃ¸ring og  ...
    AI-feil: Error code: 400 - {'type': 'error', 'error': {'type': 'invalid_request_error', 'message': 'Your credit balance is too low to access the Anthropic API. Please go to Plans & Billing to upgrade or purchase credits.'}, 'request_id': 'req_011Cb1zvePtvS54L6hJmjfgd'}
    INGEN spÃ¸rsmÃ¥l generert
  [421/437] Hva skal du rette deg etter i trafikken? Trafikkre ...
    AI-feil: Error code: 400 - {'type': 'error', 'error': {'type': 'invalid_request_error', 'message': 'Your credit balance is too low to access the Anthropic API. Please go to Plans & Billing to upgrade or purchase credits.'}, 'request_id': 'req_011Cb1zvfXrHceEySbsF2R9H'}
    INGEN spÃ¸rsmÃ¥l generert
  [422/437] 422 ...
    HOPPET OVER (for kort tekst)
  [423/437] Hvit midtlinje Gul midtlinje 423 ...
    AI-feil: Error code: 400 - {'type': 'error', 'error': {'type': 'invalid_request_error', 'message': 'Your credit balance is too low to access the Anthropic API. Please go to Plans & Billing to upgrade or purchase credits.'}, 'request_id': 'req_011Cb1zvguhh3VKJb5WKYf65'}
    INGEN spÃ¸rsmÃ¥l generert
  [424/437] Hvit midtlinje Gul midtlinje 424 ...
    AI-feil: Error code: 400 - {'type': 'error', 'error': {'type': 'invalid_request_error', 'message': 'Your credit balance is too low to access the Anthropic API. Please go to Plans & Billing to upgrade or purchase credits.'}, 'request_id': 'req_011Cb1zvi1vZ3Q8WQCriMFFo'}
    INGEN spÃ¸rsmÃ¥l generert
  [425/437] R V H Velg farge MÃ¸tende trafikk 425 ...
    AI-feil: Error code: 400 - {'type': 'error', 'error': {'type': 'invalid_request_error', 'message': 'Your credit balance is too low to access the Anthropic API. Please go to Plans & Billing to upgrade or purchase credits.'}, 'request_id': 'req_011Cb1zvixEhxTfqi4tXo8T1'}
    INGEN spÃ¸rsmÃ¥l generert
  [426/437] R V H Velg farge 426 ...
    AI-feil: Error code: 400 - {'type': 'error', 'error': {'type': 'invalid_request_error', 'message': 'Your credit balance is too low to access the Anthropic API. Please go to Plans & Billing to upgrade or purchase credits.'}, 'request_id': 'req_011Cb1zvju3Ho9JrKGnCpRhP'}
    INGEN spÃ¸rsmÃ¥l generert
  [427/437] R V H Velg farge 427 ...
    AI-feil: Error code: 400 - {'type': 'error', 'error': {'type': 'invalid_request_error', 'message': 'Your credit balance is too low to access the Anthropic API. Please go to Plans & Billing to upgrade or purchase credits.'}, 'request_id': 'req_011Cb1zvkv4EpUwNob1mhzf4'}
    INGEN spÃ¸rsmÃ¥l generert
  [428/437] R V H Velg farge 428 ...
    AI-feil: Error code: 400 - {'type': 'error', 'error': {'type': 'invalid_request_error', 'message': 'Your credit balance is too low to access the Anthropic API. Please go to Plans & Billing to upgrade or purchase credits.'}, 'request_id': 'req_011Cb1zvmuLVSvCAdsfnPiT3'}
    INGEN spÃ¸rsmÃ¥l generert
  [429/437] R V H 429 ...
    HOPPET OVER (for kort tekst)
  [430/437] R V H 430 ...
    HOPPET OVER (for kort tekst)
  [431/437] R V H 431 ...
    HOPPET OVER (for kort tekst)
  [432/437] R V H 432 ...
    HOPPET OVER (for kort tekst)
  [433/437] R V H 433 ...
    HOPPET OVER (for kort tekst)
  [434/437] R V H V H 434 ...
    HOPPET OVER (for kort tekst)
  [435/437] 435 ...
    HOPPET OVER (for kort tekst)
  [436/437] Velg kryss 436 ...
    HOPPET OVER (for kort tekst)
  [437/437] Effekt? Max 35KW /47,73 Hk Alder? 18 Ã¥r FÃ¸rerett i ...
C:\Users\Stein Hoang\AppData\Local\Programs\Python\Python312\Lib\site-packages\PIL\Image.py:1137: UserWarning: Palette images with Transparency expressed in bytes should be converted to RGBA images
  warnings.warn(
    AI-feil: Error code: 400 - {'type': 'error', 'error': {'type': 'invalid_request_error', 'message': 'Your credit balance is too low to access the Anthropic API. Please go to Plans & Billing to upgrade or purchase credits.'}, 'request_id': 'req_011Cb1zvoWpVmF2NvnYtsFci'}
    INGEN spÃ¸rsmÃ¥l generert

============================================================
Fil: Undervisningsplan Fokus 2019.ppsx
Slides: 253
Allerede behandlet: 0 | Gjenstaar: 253
  [1/253] Undervisningsplan klasse B 1 Trinn 1 Trinn 2 Trinn ...
    AI-feil: Error code: 400 - {'type': 'error', 'error': {'type': 'invalid_request_error', 'message': 'Your credit balance is too low to access the Anthropic API. Please go to Plans & Billing to upgrade or purchase credits.'}, 'request_id': 'req_011Cb1zvsvUwoU84obts78kJ'}
    INGEN spÃ¸rsmÃ¥l generert
  [2/253] Innholdsfortegnelse FormÃ¥let med undervisningsplan ...
    AI-feil: Error code: 400 - {'type': 'error', 'error': {'type': 'invalid_request_error', 'message': 'Your credit balance is too low to access the Anthropic API. Please go to Plans & Billing to upgrade or purchase credits.'}, 'request_id': 'req_011Cb1zvtwzuAQhbXxeJrFK9'}
    INGEN spÃ¸rsmÃ¥l generert
  [3/253] Denne undervisningsplanen uttrykker hvordan trafik ...
    AI-feil: Error code: 400 - {'type': 'error', 'error': {'type': 'invalid_request_error', 'message': 'Your credit balance is too low to access the Anthropic API. Please go to Plans & Billing to upgrade or purchase credits.'}, 'request_id': 'req_011Cb1zvuqaP451rHWRG1J3C'}
    INGEN spÃ¸rsmÃ¥l generert
  [4/253] TrafikkopplÃ¦ringen fÃ¸r og nÃ¥. PÃ¥ starten av 70-tal ...
    AI-feil: Error code: 400 - {'type': 'error', 'error': {'type': 'invalid_request_error', 'message': 'Your credit balance is too low to access the Anthropic API. Please go to Plans & Billing to upgrade or purchase credits.'}, 'request_id': 'req_011Cb1zvvosAEwfAUwya39xx'}
    INGEN spÃ¸rsmÃ¥l generert
  [5/253] Dagens trafikkopplÃ¦ring MÃ¥l for trafikkopplÃ¦ringen ...
    AI-feil: Error code: 400 - {'type': 'error', 'error': {'type': 'invalid_request_error', 'message': 'Your credit balance is too low to access the Anthropic API. Please go to Plans & Billing to upgrade or purchase credits.'}, 'request_id': 'req_011Cb1zvwp9FTvuhNicVmHph'}
    INGEN spÃ¸rsmÃ¥l generert
  [6/253] Trinnvis opplÃ¦ring. Trinn 1. MÃ¥l for trafikalt gru ...
    AI-feil: Error code: 400 - {'type': 'error', 'error': {'type': 'invalid_request_error', 'message': 'Your credit balance is too low to access the Anthropic API. Please go to Plans & Billing to upgrade or purchase credits.'}, 'request_id': 'req_011Cb1zvxjTY2eGPxp1fBU9v'}
    INGEN spÃ¸rsmÃ¥l generert
  [7/253] Trinnvurdering Den obligatoriske trinnvurderingen  ...
    AI-feil: Error code: 400 - {'type': 'error', 'error': {'type': 'invalid_request_error', 'message': 'Your credit balance is too low to access the Anthropic API. Please go to Plans & Billing to upgrade or purchase credits.'}, 'request_id': 'req_011Cb1zvyw9BmVSauAEjiJMn'}
    INGEN spÃ¸rsmÃ¥l generert
  [8/253] HovedmÃ¥l for opplÃ¦ringen  jf. Â§ 11-1  Etter Ã¥ ha g ...
    AI-feil: Error code: 400 - {'type': 'error', 'error': {'type': 'invalid_request_error', 'message': 'Your credit balance is too low to access the Anthropic API. Please go to Plans & Billing to upgrade or purchase credits.'}, 'request_id': 'req_011Cb1zw14btSfuxqpQ8GtrY'}
    INGEN spÃ¸rsmÃ¥l generert
  [9/253] OpplÃ¦ringskort Trafikkskolen fÃ¸rer opplÃ¦ringskort  ...
    AI-feil: Error code: 400 - {'type': 'error', 'error': {'type': 'invalid_request_error', 'message': 'Your credit balance is too low to access the Anthropic API. Please go to Plans & Billing to upgrade or purchase credits.'}, 'request_id': 'req_011Cb1zw229fBhvcTsCMXazU'}
    INGEN spÃ¸rsmÃ¥l generert
  [10/253] Undervisningstider	 Det er utarbeidet skriftlig in ...
    AI-feil: Error code: 400 - {'type': 'error', 'error': {'type': 'invalid_request_error', 'message': 'Your credit balance is too low to access the Anthropic API. Please go to Plans & Billing to upgrade or purchase credits.'}, 'request_id': 'req_011Cb1zw34QR9rMPTgvgvSJb'}
    INGEN spÃ¸rsmÃ¥l generert
  [11/253] UndervisningslÃ¦re/ didaktikk Planleggingen av unde ...
    AI-feil: Error code: 400 - {'type': 'error', 'error': {'type': 'invalid_request_error', 'message': 'Your credit balance is too low to access the Anthropic API. Please go to Plans & Billing to upgrade or purchase credits.'}, 'request_id': 'req_011Cb1zw3zxc9B76yws2CAKZ'}
    INGEN spÃ¸rsmÃ¥l generert
  [12/253] DRM ...
    HOPPET OVER (for kort tekst)
  [13/253] ArbeidsmÃ¥ter   Undervisningen skal legges opp pÃ¥ e ...
    AI-feil: Error code: 400 - {'type': 'error', 'error': {'type': 'invalid_request_error', 'message': 'Your credit balance is too low to access the Anthropic API. Please go to Plans & Billing to upgrade or purchase credits.'}, 'request_id': 'req_011Cb1zw4w24zy19RWtvWzfg'}
    INGEN spÃ¸rsmÃ¥l generert
  [14/253] MÃ¥l for trafikalt grunnkurs jf. Â§ 8-3 Eleven skal  ...
    AI-feil: Error code: 400 - {'type': 'error', 'error': {'type': 'invalid_request_error', 'message': 'Your credit balance is too low to access the Anthropic API. Please go to Plans & Billing to upgrade or purchase credits.'}, 'request_id': 'req_011Cb1zw5xXqBbHJf2i5TN7u'}
    INGEN spÃ¸rsmÃ¥l generert
  [15/253] Eleven skal  1. kjenne til formelle begrunnelser f ...
    AI-feil: Error code: 400 - {'type': 'error', 'error': {'type': 'invalid_request_error', 'message': 'Your credit balance is too low to access the Anthropic API. Please go to Plans & Billing to upgrade or purchase credits.'}, 'request_id': 'req_011Cb1zw6rMt29vHTgU6Nazb'}
    INGEN spÃ¸rsmÃ¥l generert
  [16/253] MÃ¥l 1.1 TrafikkopplÃ¦ringen  Aktuelt innhold Presen ...
    AI-feil: Error code: 400 - {'type': 'error', 'error': {'type': 'invalid_request_error', 'message': 'Your credit balance is too low to access the Anthropic API. Please go to Plans & Billing to upgrade or purchase credits.'}, 'request_id': 'req_011Cb1zw7nR8krKNPgkMrHrZ'}
    INGEN spÃ¸rsmÃ¥l generert
  [17/253] Maks 16 personer pÃ¥ kurs. Aldersgruppe 15-16 Ã¥r me ...
    AI-feil: Error code: 400 - {'type': 'error', 'error': {'type': 'invalid_request_error', 'message': 'Your credit balance is too low to access the Anthropic API. Please go to Plans & Billing to upgrade or purchase credits.'}, 'request_id': 'req_011Cb1zw8nh95bDRVnDWDB7E'}
    INGEN spÃ¸rsmÃ¥l generert
  [18/253] Det forutsettes at trafikklÃ¦rer kjenner mÃ¥lsetting ...
    AI-feil: Error code: 400 - {'type': 'error', 'error': {'type': 'invalid_request_error', 'message': 'Your credit balance is too low to access the Anthropic API. Please go to Plans & Billing to upgrade or purchase credits.'}, 'request_id': 'req_011Cb1zw9oTeupz5oNRxapYh'}
    INGEN spÃ¸rsmÃ¥l generert
  [19/253] MÃ¥lverb Â«Eleven skal kjenne tilÂ» Forslag til Ã¥pnin ...
    AI-feil: Error code: 400 - {'type': 'error', 'error': {'type': 'invalid_request_error', 'message': 'Your credit balance is too low to access the Anthropic API. Please go to Plans & Billing to upgrade or purchase credits.'}, 'request_id': 'req_011Cb1zwAiXoFMa7B9URSBfy'}
    INGEN spÃ¸rsmÃ¥l generert
  [20/253] Ryddig og rengjort klasserom med U-bord for god ko ...
    AI-feil: Error code: 400 - {'type': 'error', 'error': {'type': 'invalid_request_error', 'message': 'Your credit balance is too low to access the Anthropic API. Please go to Plans & Billing to upgrade or purchase credits.'}, 'request_id': 'req_011Cb1zwBjJEMoCZiAQvg4sN'}
    INGEN spÃ¸rsmÃ¥l generert
  [21/253] Det legges opp til at elevene under dette emnet ta ...
    AI-feil: Error code: 400 - {'type': 'error', 'error': {'type': 'invalid_request_error', 'message': 'Your credit balance is too low to access the Anthropic API. Please go to Plans & Billing to upgrade or purchase credits.'}, 'request_id': 'req_011Cb1zwCdsXByy1YB35FurB'}
    INGEN spÃ¸rsmÃ¥l generert
  [22/253] Eleven skal  2. ha grunnleggende forstÃ¥else for tr ...
    AI-feil: Error code: 400 - {'type': 'error', 'error': {'type': 'invalid_request_error', 'message': 'Your credit balance is too low to access the Anthropic API. Please go to Plans & Billing to upgrade or purchase credits.'}, 'request_id': 'req_011Cb1zwDZvwyznJXDRDWkFM'}
    INGEN spÃ¸rsmÃ¥l generert
  [23/253] 1.2 Grunnleggende forstÃ¥else for trafikk og fÃ¸rerr ...
    AI-feil: Error code: 400 - {'type': 'error', 'error': {'type': 'invalid_request_error', 'message': 'Your credit balance is too low to access the Anthropic API. Please go to Plans & Billing to upgrade or purchase credits.'}, 'request_id': 'req_011Cb1zwEU1CsdTdeVrUcVf9'}
    INGEN spÃ¸rsmÃ¥l generert
  [24/253] Maks 16 personer pÃ¥ kurs. Aldersgruppe 15-16 Ã¥r me ...
    AI-feil: Error code: 400 - {'type': 'error', 'error': {'type': 'invalid_request_error', 'message': 'Your credit balance is too low to access the Anthropic API. Please go to Plans & Billing to upgrade or purchase credits.'}, 'request_id': 'req_011Cb1zwFRYq2avsJ2iUM63J'}
    INGEN spÃ¸rsmÃ¥l generert
  [25/253] Kjenner kursmÃ¥lene og sammenhengen mellom alle tri ...
    AI-feil: Error code: 400 - {'type': 'error', 'error': {'type': 'invalid_request_error', 'message': 'Your credit balance is too low to access the Anthropic API. Please go to Plans & Billing to upgrade or purchase credits.'}, 'request_id': 'req_011Cb1zwGcjeytBzic1ohkoE'}
    INGEN spÃ¸rsmÃ¥l generert
  [26/253] POU for Ã¥ sette fokus pÃ¥ mÃ¥let: Forslag til arbeid ...
    AI-feil: Error code: 400 - {'type': 'error', 'error': {'type': 'invalid_request_error', 'message': 'Your credit balance is too low to access the Anthropic API. Please go to Plans & Billing to upgrade or purchase credits.'}, 'request_id': 'req_011Cb1zwHXYxQBEubSaLp5Yv'}
    INGEN spÃ¸rsmÃ¥l generert
  [27/253] Ryddig og rengjort klasserom med U-bord for god ko ...
    AI-feil: Error code: 400 - {'type': 'error', 'error': {'type': 'invalid_request_error', 'message': 'Your credit balance is too low to access the Anthropic API. Please go to Plans & Billing to upgrade or purchase credits.'}, 'request_id': 'req_011Cb1zwJXaYDoHnUJPFQKWM'}
    INGEN spÃ¸rsmÃ¥l generert
  [28/253] Det legges opp til at elevene under dette emnet ta ...
    AI-feil: Error code: 400 - {'type': 'error', 'error': {'type': 'invalid_request_error', 'message': 'Your credit balance is too low to access the Anthropic API. Please go to Plans & Billing to upgrade or purchase credits.'}, 'request_id': 'req_011Cb1zwKStyewa5NCvWJF4q'}
    INGEN spÃ¸rsmÃ¥l generert
  [29/253] Eleven skal  3. videreutvikle sin kunnskap om menn ...
    AI-feil: Error code: 400 - {'type': 'error', 'error': {'type': 'invalid_request_error', 'message': 'Your credit balance is too low to access the Anthropic API. Please go to Plans & Billing to upgrade or purchase credits.'}, 'request_id': 'req_011Cb1zwLUf9KBXgCtCmn8xQ'}
    INGEN spÃ¸rsmÃ¥l generert
  [30/253] 1.3 Mennesket i trafikken  Aktuelt innhold  Foruts ...
    AI-feil: Error code: 400 - {'type': 'error', 'error': {'type': 'invalid_request_error', 'message': 'Your credit balance is too low to access the Anthropic API. Please go to Plans & Billing to upgrade or purchase credits.'}, 'request_id': 'req_011Cb1zwMPEFkBhH9FHH6GyN'}
    INGEN spÃ¸rsmÃ¥l generert
  [31/253] Maks 16 personer pÃ¥ kurs. Aldersgruppe 15-16 Ã¥r me ...
    AI-feil: Error code: 400 - {'type': 'error', 'error': {'type': 'invalid_request_error', 'message': 'Your credit balance is too low to access the Anthropic API. Please go to Plans & Billing to upgrade or purchase credits.'}, 'request_id': 'req_011Cb1zwNHYxpXkSqhUKuCbF'}
    INGEN spÃ¸rsmÃ¥l generert
  [32/253] Kjenner LP oppbygging, er god pÃ¥ kommunikasjon med ...
    AI-feil: Error code: 400 - {'type': 'error', 'error': {'type': 'invalid_request_error', 'message': 'Your credit balance is too low to access the Anthropic API. Please go to Plans & Billing to upgrade or purchase credits.'}, 'request_id': 'req_011Cb1zwPDN8bNkbDXYFiD4P'}
    INGEN spÃ¸rsmÃ¥l generert
  [33/253] POU for Ã¥ kunne videreutvikle, drÃ¸fte, forstÃ¥ og b ...
    AI-feil: Error code: 400 - {'type': 'error', 'error': {'type': 'invalid_request_error', 'message': 'Your credit balance is too low to access the Anthropic API. Please go to Plans & Billing to upgrade or purchase credits.'}, 'request_id': 'req_011Cb1zwQ9usr6HDjHf8Jscy'}
    INGEN spÃ¸rsmÃ¥l generert
  [34/253] Ryddig og rengjort klasserom med U-bord for god ko ...
    AI-feil: Error code: 400 - {'type': 'error', 'error': {'type': 'invalid_request_error', 'message': 'Your credit balance is too low to access the Anthropic API. Please go to Plans & Billing to upgrade or purchase credits.'}, 'request_id': 'req_011Cb1zwR5jBPysttikZA8z3'}
    INGEN spÃ¸rsmÃ¥l generert
  [35/253] Det legges opp til at elevene under dette emnet ta ...
    AI-feil: Error code: 400 - {'type': 'error', 'error': {'type': 'invalid_request_error', 'message': 'Your credit balance is too low to access the Anthropic API. Please go to Plans & Billing to upgrade or purchase credits.'}, 'request_id': 'req_011Cb1zwRyJT1tFShW3GasST'}
    INGEN spÃ¸rsmÃ¥l generert
  [36/253] Eleven skal  4. ha kunnskap om betydningen av traf ...
    AI-feil: Error code: 400 - {'type': 'error', 'error': {'type': 'invalid_request_error', 'message': 'Your credit balance is too low to access the Anthropic API. Please go to Plans & Billing to upgrade or purchase credits.'}, 'request_id': 'req_011Cb1zwSrPM81y1FKRaJCN3'}
    INGEN spÃ¸rsmÃ¥l generert
  [37/253] 1.4 Ã˜vingskjÃ¸ring og kjÃ¸reerfaring  Aktuelt innhol ...
    AI-feil: Error code: 400 - {'type': 'error', 'error': {'type': 'invalid_request_error', 'message': 'Your credit balance is too low to access the Anthropic API. Please go to Plans & Billing to upgrade or purchase credits.'}, 'request_id': 'req_011Cb1zwTnT3d5adhX9iu65h'}
    INGEN spÃ¸rsmÃ¥l generert
  [38/253] Maks 16 personer pÃ¥ kurs. Aldersgruppe 15-16 Ã¥r me ...
    AI-feil: Error code: 400 - {'type': 'error', 'error': {'type': 'invalid_request_error', 'message': 'Your credit balance is too low to access the Anthropic API. Please go to Plans & Billing to upgrade or purchase credits.'}, 'request_id': 'req_011Cb1zwUi1NWFTdjz7FonT6'}
    INGEN spÃ¸rsmÃ¥l generert
  [39/253] Kjenner LP oppbygging, er god pÃ¥ kommunikasjon med ...
    AI-feil: Error code: 400 - {'type': 'error', 'error': {'type': 'invalid_request_error', 'message': 'Your credit balance is too low to access the Anthropic API. Please go to Plans & Billing to upgrade or purchase credits.'}, 'request_id': 'req_011Cb1zwVdaBGgXQAmbMgZYw'}
    INGEN spÃ¸rsmÃ¥l generert
  [40/253] . POU, spÃ¸rrende, gruppearbeid, meddelende, plenum ...
    AI-feil: Error code: 400 - {'type': 'error', 'error': {'type': 'invalid_request_error', 'message': 'Your credit balance is too low to access the Anthropic API. Please go to Plans & Billing to upgrade or purchase credits.'}, 'request_id': 'req_011Cb1zwWWQRd4rSbPZbcFBT'}
    INGEN spÃ¸rsmÃ¥l generert
  [41/253] Ryddig og rengjort klasserom med U-bord for god ko ...
    AI-feil: Error code: 400 - {'type': 'error', 'error': {'type': 'invalid_request_error', 'message': 'Your credit balance is too low to access the Anthropic API. Please go to Plans & Billing to upgrade or purchase credits.'}, 'request_id': 'req_011Cb1zwXQj8JWXd9SewBMVU'}
    INGEN spÃ¸rsmÃ¥l generert
  [42/253] Det legges opp til at elevene under dette emnet ta ...
    AI-feil: Error code: 400 - {'type': 'error', 'error': {'type': 'invalid_request_error', 'message': 'Your credit balance is too low to access the Anthropic API. Please go to Plans & Billing to upgrade or purchase credits.'}, 'request_id': 'req_011Cb1zwYK49STDtexdphQQ9'}
    INGEN spÃ¸rsmÃ¥l generert
  [43/253] Eleven skal  5. beherske grunnleggende ferdigheter ...
    AI-feil: Error code: 400 - {'type': 'error', 'error': {'type': 'invalid_request_error', 'message': 'Your credit balance is too low to access the Anthropic API. Please go to Plans & Billing to upgrade or purchase credits.'}, 'request_id': 'req_011Cb1zwZEci5bHXUDAjT4T8'}
    INGEN spÃ¸rsmÃ¥l generert
  [44/253] 1.5 Plikter ved trafikkuhell  Aktuelt innhold  Pli ...
    AI-feil: Error code: 400 - {'type': 'error', 'error': {'type': 'invalid_request_error', 'message': 'Your credit balance is too low to access the Anthropic API. Please go to Plans & Billing to upgrade or purchase credits.'}, 'request_id': 'req_011Cb1zwaCuGDf8P7XuqcTsu'}
    INGEN spÃ¸rsmÃ¥l generert
  [45/253] Maks 16 personer pÃ¥ kurs. Aldersgruppe 15-16 Ã¥r me ...
    AI-feil: Error code: 400 - {'type': 'error', 'error': {'type': 'invalid_request_error', 'message': 'Your credit balance is too low to access the Anthropic API. Please go to Plans & Billing to upgrade or purchase credits.'}, 'request_id': 'req_011Cb1zwb9DD3TDtTVCcMm8h'}
    INGEN spÃ¸rsmÃ¥l generert
  [46/253] Kjenner LP oppbygging, er god pÃ¥ kommunikasjon med ...
    AI-feil: Error code: 400 - {'type': 'error', 'error': {'type': 'invalid_request_error', 'message': 'Your credit balance is too low to access the Anthropic API. Please go to Plans & Billing to upgrade or purchase credits.'}, 'request_id': 'req_011Cb1zwc8z9hAeRKcvNxzdf'}
    INGEN spÃ¸rsmÃ¥l generert
  [47/253] POU med fÃ¸lgende oppgave fra 4t s.58. Bilen som kj ...
    AI-feil: Error code: 400 - {'type': 'error', 'error': {'type': 'invalid_request_error', 'message': 'Your credit balance is too low to access the Anthropic API. Please go to Plans & Billing to upgrade or purchase credits.'}, 'request_id': 'req_011Cb1zwd7H1VrcAhyuZSRLD'}
    INGEN spÃ¸rsmÃ¥l generert
  [48/253] Ryddig og rengjort klasserom. Gjerne oppsett uten  ...
    AI-feil: Error code: 400 - {'type': 'error', 'error': {'type': 'invalid_request_error', 'message': 'Your credit balance is too low to access the Anthropic API. Please go to Plans & Billing to upgrade or purchase credits.'}, 'request_id': 'req_011Cb1zwfKUyvyPZtnUD2NN6'}
    INGEN spÃ¸rsmÃ¥l generert
  [49/253] Det legges opp til at elevene under dette emnet ta ...
    AI-feil: Error code: 400 - {'type': 'error', 'error': {'type': 'invalid_request_error', 'message': 'Your credit balance is too low to access the Anthropic API. Please go to Plans & Billing to upgrade or purchase credits.'}, 'request_id': 'req_011Cb1zwgJ2JC8EytEV4UvCn'}
    INGEN spÃ¸rsmÃ¥l generert
  [50/253] Tiltak ved trafikkulykke Eleven skal  6. delta i r ...
    AI-feil: Error code: 400 - {'type': 'error', 'error': {'type': 'invalid_request_error', 'message': 'Your credit balance is too low to access the Anthropic API. Please go to Plans & Billing to upgrade or purchase credits.'}, 'request_id': 'req_011Cb1zwhDLGDdxgpT6F9RWh'}
    INGEN spÃ¸rsmÃ¥l generert
  [51/253] 1.6 Tiltak ved trafikkulykke  Aktuelt innhold  FÃ¸r ...
    AI-feil: Error code: 400 - {'type': 'error', 'error': {'type': 'invalid_request_error', 'message': 'Your credit balance is too low to access the Anthropic API. Please go to Plans & Billing to upgrade or purchase credits.'}, 'request_id': 'req_011Cb1zwiEMN6xNLBxNP1gxN'}
    INGEN spÃ¸rsmÃ¥l generert
  [52/253] Maks 16 personer pÃ¥ kurs. Aldersgruppe 15-16 Ã¥r me ...
    AI-feil: Error code: 400 - {'type': 'error', 'error': {'type': 'invalid_request_error', 'message': 'Your credit balance is too low to access the Anthropic API. Please go to Plans & Billing to upgrade or purchase credits.'}, 'request_id': 'req_011Cb1zwjC9dsTkAHWqoSWEH'}
    INGEN spÃ¸rsmÃ¥l generert
  [53/253] Kjenner LP oppbygging, er god pÃ¥ kommunikasjon med ...
    AI-feil: Error code: 400 - {'type': 'error', 'error': {'type': 'invalid_request_error', 'message': 'Your credit balance is too low to access the Anthropic API. Please go to Plans & Billing to upgrade or purchase credits.'}, 'request_id': 'req_011Cb1zwk7i2vZHnvN8bAnsk'}
    INGEN spÃ¸rsmÃ¥l generert
  [54/253] POU med fÃ¸lgende oppgave fra 4t s.58. Bilen som kj ...
    AI-feil: Error code: 400 - {'type': 'error', 'error': {'type': 'invalid_request_error', 'message': 'Your credit balance is too low to access the Anthropic API. Please go to Plans & Billing to upgrade or purchase credits.'}, 'request_id': 'req_011Cb1zwm4m8oiCwrijYKgms'}
    INGEN spÃ¸rsmÃ¥l generert
  [55/253] Ryddig og rengjort klasserom. Gjerne oppsett uten  ...
    AI-feil: Error code: 400 - {'type': 'error', 'error': {'type': 'invalid_request_error', 'message': 'Your credit balance is too low to access the Anthropic API. Please go to Plans & Billing to upgrade or purchase credits.'}, 'request_id': 'req_011Cb1zwmxb32Ko8n3yrb3SL'}
    INGEN spÃ¸rsmÃ¥l generert
  [56/253] Det legges opp til at elevene under dette emnet ta ...
    AI-feil: Error code: 400 - {'type': 'error', 'error': {'type': 'invalid_request_error', 'message': 'Your credit balance is too low to access the Anthropic API. Please go to Plans & Billing to upgrade or purchase credits.'}, 'request_id': 'req_011Cb1zwnz6sg88GfzFwwscC'}
    INGEN spÃ¸rsmÃ¥l generert
  [57/253] Eleven skal  7. bli bevisst gjennom demonstrasjon  ...
    AI-feil: Error code: 400 - {'type': 'error', 'error': {'type': 'invalid_request_error', 'message': 'Your credit balance is too low to access the Anthropic API. Please go to Plans & Billing to upgrade or purchase credits.'}, 'request_id': 'req_011Cb1zwoxtKyyzwPzVioxxD'}
    INGEN spÃ¸rsmÃ¥l generert
  [58/253] 1.7 Trafikant i mÃ¸rket  Aktuelt innhold  MÃ¸rkeulyk ...
    AI-feil: Error code: 400 - {'type': 'error', 'error': {'type': 'invalid_request_error', 'message': 'Your credit balance is too low to access the Anthropic API. Please go to Plans & Billing to upgrade or purchase credits.'}, 'request_id': 'req_011Cb1zwpqixskTJR8MvDCVS'}
    INGEN spÃ¸rsmÃ¥l generert
  [59/253] Eleven har vÃ¦rt trafikant i mÃ¸rket og ved hjelp av ...
    AI-feil: Error code: 400 - {'type': 'error', 'error': {'type': 'invalid_request_error', 'message': 'Your credit balance is too low to access the Anthropic API. Please go to Plans & Billing to upgrade or purchase credits.'}, 'request_id': 'req_011Cb1zwrCaZr2XWoJCWJwK5'}
    INGEN spÃ¸rsmÃ¥l generert
  [60/253] Kjenner LP oppbygging, er god pÃ¥ kommunikasjon med ...
    AI-feil: Error code: 400 - {'type': 'error', 'error': {'type': 'invalid_request_error', 'message': 'Your credit balance is too low to access the Anthropic API. Please go to Plans & Billing to upgrade or purchase credits.'}, 'request_id': 'req_011Cb1zwsEazrqQAN7cbq8oV'}
    INGEN spÃ¸rsmÃ¥l generert
  [61/253] Problem orientert undervisning ved at vi skaper et ...
    AI-feil: Error code: 400 - {'type': 'error', 'error': {'type': 'invalid_request_error', 'message': 'Your credit balance is too low to access the Anthropic API. Please go to Plans & Billing to upgrade or purchase credits.'}, 'request_id': 'req_011Cb1zwtDcxPe8KyHWVFgXG'}
    INGEN spÃ¸rsmÃ¥l generert
  [62/253] Ryddig og rengjort klasserom. Gjerne oppsett uten  ...
    AI-feil: Error code: 400 - {'type': 'error', 'error': {'type': 'invalid_request_error', 'message': 'Your credit balance is too low to access the Anthropic API. Please go to Plans & Billing to upgrade or purchase credits.'}, 'request_id': 'req_011Cb1zwuFPCQM7RUN4oybwJ'}
    INGEN spÃ¸rsmÃ¥l generert
  [63/253] Det legges opp til at elevene under dette emnet ta ...
    AI-feil: Error code: 400 - {'type': 'error', 'error': {'type': 'invalid_request_error', 'message': 'Your credit balance is too low to access the Anthropic API. Please go to Plans & Billing to upgrade or purchase credits.'}, 'request_id': 'req_011Cb1zwv9hx1bsUykVGfp5q'}
    INGEN spÃ¸rsmÃ¥l generert
  [64/253] MÃ¥l for trinn 2, jf. Â§ 11-3  Etter Ã¥ ha gjennomfÃ¸r ...
    AI-feil: Error code: 400 - {'type': 'error', 'error': {'type': 'invalid_request_error', 'message': 'Your credit balance is too low to access the Anthropic API. Please go to Plans & Billing to upgrade or purchase credits.'}, 'request_id': 'req_011Cb1zwwBiSgpLoC1EBk2pL'}
    INGEN spÃ¸rsmÃ¥l generert
  [65/253] FÃ¸rerkort og trafikkopplÃ¦ring Eleven skal  1. gjÃ¸r ...
    AI-feil: Error code: 400 - {'type': 'error', 'error': {'type': 'invalid_request_error', 'message': 'Your credit balance is too low to access the Anthropic API. Please go to Plans & Billing to upgrade or purchase credits.'}, 'request_id': 'req_011Cb1zwxuuB7sCpy9P5g7Mb'}
    INGEN spÃ¸rsmÃ¥l generert
  [66/253] 2.1 FÃ¸rerkort og fÃ¸reropplÃ¦ring  Aktuelt innhold   ...
    AI-feil: Error code: 400 - {'type': 'error', 'error': {'type': 'invalid_request_error', 'message': 'Your credit balance is too low to access the Anthropic API. Please go to Plans & Billing to upgrade or purchase credits.'}, 'request_id': 'req_011Cb1zwyswfzEqcodUkiRqe'}
    INGEN spÃ¸rsmÃ¥l generert
  [67/253] Det forutsettes at eleven har er kjennskap til fÃ¸r ...
    AI-feil: Error code: 400 - {'type': 'error', 'error': {'type': 'invalid_request_error', 'message': 'Your credit balance is too low to access the Anthropic API. Please go to Plans & Billing to upgrade or purchase credits.'}, 'request_id': 'req_011Cb1zwzrUhai6SVz7ur9Ui'}
    INGEN spÃ¸rsmÃ¥l generert
  [68/253] Det forutsettes at trafikklÃ¦rer kjenner tidligere  ...
    AI-feil: Error code: 400 - {'type': 'error', 'error': {'type': 'invalid_request_error', 'message': 'Your credit balance is too low to access the Anthropic API. Please go to Plans & Billing to upgrade or purchase credits.'}, 'request_id': 'req_011Cb1zx1oXpLrBFSTxUwc2W'}
    INGEN spÃ¸rsmÃ¥l generert
  [69/253] FÃ¸rerkortklasser og vilkÃ¥r for Ã¥ fÃ¥ fÃ¸rerkort (4t  ...
    AI-feil: Error code: 400 - {'type': 'error', 'error': {'type': 'invalid_request_error', 'message': 'Your credit balance is too low to access the Anthropic API. Please go to Plans & Billing to upgrade or purchase credits.'}, 'request_id': 'req_011Cb1zx2nZw3yh1qUQBqeLG'}
    INGEN spÃ¸rsmÃ¥l generert
  [70/253] Ã˜nsker eleven; undervisning ved skolen Integrering ...
    AI-feil: Error code: 400 - {'type': 'error', 'error': {'type': 'invalid_request_error', 'message': 'Your credit balance is too low to access the Anthropic API. Please go to Plans & Billing to upgrade or purchase credits.'}, 'request_id': 'req_011Cb1zx3krPBhLokG6XCtjX'}
    INGEN spÃ¸rsmÃ¥l generert
  [71/253] Viktig at eleven ser sammenhengen mellom teori og  ...
    AI-feil: Error code: 400 - {'type': 'error', 'error': {'type': 'invalid_request_error', 'message': 'Your credit balance is too low to access the Anthropic API. Please go to Plans & Billing to upgrade or purchase credits.'}, 'request_id': 'req_011Cb1zx4eS8LagEvt4CH9hV'}
    INGEN spÃ¸rsmÃ¥l generert
  [72/253] Eleven skal  2. gjÃ¸re rede for bilens oppbygning m ...
    AI-feil: Error code: 400 - {'type': 'error', 'error': {'type': 'invalid_request_error', 'message': 'Your credit balance is too low to access the Anthropic API. Please go to Plans & Billing to upgrade or purchase credits.'}, 'request_id': 'req_011Cb1zx5eD8knRNmQmJALFr'}
    INGEN spÃ¸rsmÃ¥l generert
  [73/253] 2.2 Bilens oppbygning med tanke pÃ¥ sikkerhet og mi ...
    AI-feil: Error code: 400 - {'type': 'error', 'error': {'type': 'invalid_request_error', 'message': 'Your credit balance is too low to access the Anthropic API. Please go to Plans & Billing to upgrade or purchase credits.'}, 'request_id': 'req_011Cb1zx6Y341pc4mDbui2ZR'}
    INGEN spÃ¸rsmÃ¥l generert
  [74/253] Kunne foreta sikkerhets kontroll av bilen. ...
    AI-feil: Error code: 400 - {'type': 'error', 'error': {'type': 'invalid_request_error', 'message': 'Your credit balance is too low to access the Anthropic API. Please go to Plans & Billing to upgrade or purchase credits.'}, 'request_id': 'req_011Cb1zx7gkGi37Z8iVapiFm'}
    INGEN spÃ¸rsmÃ¥l generert
  [75/253] Det forutsettes at trafikklÃ¦rer kjenner mÃ¥lsetting ...
    AI-feil: Error code: 400 - {'type': 'error', 'error': {'type': 'invalid_request_error', 'message': 'Your credit balance is too low to access the Anthropic API. Please go to Plans & Billing to upgrade or purchase credits.'}, 'request_id': 'req_011Cb1zx8vQUnggMKNdggYJy'}
    INGEN spÃ¸rsmÃ¥l generert
  [76/253] Gruppe eller individuelle oppgaver som lÃ¸ses i kla ...
    AI-feil: Error code: 400 - {'type': 'error', 'error': {'type': 'invalid_request_error', 'message': 'Your credit balance is too low to access the Anthropic API. Please go to Plans & Billing to upgrade or purchase credits.'}, 'request_id': 'req_011Cb1zx9pVBFXvbDK6W8XNe'}
    INGEN spÃ¸rsmÃ¥l generert
  [77/253] Klasserom og bil. Ã˜nsker eleven; undervisning ved  ...
    AI-feil: Error code: 400 - {'type': 'error', 'error': {'type': 'invalid_request_error', 'message': 'Your credit balance is too low to access the Anthropic API. Please go to Plans & Billing to upgrade or purchase credits.'}, 'request_id': 'req_011Cb1zxAkHyGaMReu5hD5q1'}
    INGEN spÃ¸rsmÃ¥l generert
  [78/253] Kunne utfÃ¸re en sikkerhetskontroll av bilen. Sjekk ...
    AI-feil: Error code: 400 - {'type': 'error', 'error': {'type': 'invalid_request_error', 'message': 'Your credit balance is too low to access the Anthropic API. Please go to Plans & Billing to upgrade or purchase credits.'}, 'request_id': 'req_011Cb1zxBfcT8i5mNiW8oftV'}
    INGEN spÃ¸rsmÃ¥l generert
  [79/253] Ansvar for kjÃ¸retÃ¸yets stand og bruk Eleven skal   ...
    AI-feil: Error code: 400 - {'type': 'error', 'error': {'type': 'invalid_request_error', 'message': 'Your credit balance is too low to access the Anthropic API. Please go to Plans & Billing to upgrade or purchase credits.'}, 'request_id': 'req_011Cb1zxCeeKEFnpwbFQFTPR'}
    INGEN spÃ¸rsmÃ¥l generert
  [80/253] 2.3 Eiers og brukers ansvar   Aktuelt innhold  FÃ¸r ...
    AI-feil: Error code: 400 - {'type': 'error', 'error': {'type': 'invalid_request_error', 'message': 'Your credit balance is too low to access the Anthropic API. Please go to Plans & Billing to upgrade or purchase credits.'}, 'request_id': 'req_011Cb1zxDobXRoxiQdptL3um'}
    INGEN spÃ¸rsmÃ¥l generert
  [81/253] (ingen tekst) ...
    HOPPET OVER (for kort tekst)
  [82/253] Det forutsettes at trafikklÃ¦rer kjenner mÃ¥lsetting ...
    AI-feil: Error code: 400 - {'type': 'error', 'error': {'type': 'invalid_request_error', 'message': 'Your credit balance is too low to access the Anthropic API. Please go to Plans & Billing to upgrade or purchase credits.'}, 'request_id': 'req_011Cb1zxEiQyUezJxyWKavSc'}
    INGEN spÃ¸rsmÃ¥l generert
  [83/253] FÃ¸rers og eiers ansvar (4t s.244) Registrering og  ...
    AI-feil: Error code: 400 - {'type': 'error', 'error': {'type': 'invalid_request_error', 'message': 'Your credit balance is too low to access the Anthropic API. Please go to Plans & Billing to upgrade or purchase credits.'}, 'request_id': 'req_011Cb1zxFotkowutfMeFsxS5'}
    INGEN spÃ¸rsmÃ¥l generert
  [84/253] (ingen tekst) ...
    HOPPET OVER (for kort tekst)
  [85/253] Viktig at eleven ser sammenhengen mellom teori og  ...
    AI-feil: Error code: 400 - {'type': 'error', 'error': {'type': 'invalid_request_error', 'message': 'Your credit balance is too low to access the Anthropic API. Please go to Plans & Billing to upgrade or purchase credits.'}, 'request_id': 'req_011Cb1zxGiDVnCkY5zY5xTbw'}
    INGEN spÃ¸rsmÃ¥l generert
  [86/253] KjÃ¸ring med tilhenger Eleven skal  4. gjÃ¸re rede f ...
    AI-feil: Error code: 400 - {'type': 'error', 'error': {'type': 'invalid_request_error', 'message': 'Your credit balance is too low to access the Anthropic API. Please go to Plans & Billing to upgrade or purchase credits.'}, 'request_id': 'req_011Cb1zxHjVF5ysKQLgih1Mc'}
    INGEN spÃ¸rsmÃ¥l generert
  [87/253] 2.4 KjÃ¸ring med tilhenger  Aktuelt innhold Regler  ...
    AI-feil: Error code: 400 - {'type': 'error', 'error': {'type': 'invalid_request_error', 'message': 'Your credit balance is too low to access the Anthropic API. Please go to Plans & Billing to upgrade or purchase credits.'}, 'request_id': 'req_011Cb1zxJeJYzRdesrs2KXgG'}
    INGEN spÃ¸rsmÃ¥l generert
  [88/253] (ingen tekst) ...
    HOPPET OVER (for kort tekst)
  [89/253] Det forutsettes at trafikklÃ¦rer kjenner mÃ¥lsetting ...
    AI-feil: Error code: 400 - {'type': 'error', 'error': {'type': 'invalid_request_error', 'message': 'Your credit balance is too low to access the Anthropic API. Please go to Plans & Billing to upgrade or purchase credits.'}, 'request_id': 'req_011Cb1zxKa7ni5sN8oL5JWDf'}
    INGEN spÃ¸rsmÃ¥l generert
  [90/253] Regler (4t s.106) Ansvar  Bremser  Sikring av last ...
    AI-feil: Error code: 400 - {'type': 'error', 'error': {'type': 'invalid_request_error', 'message': 'Your credit balance is too low to access the Anthropic API. Please go to Plans & Billing to upgrade or purchase credits.'}, 'request_id': 'req_011Cb1zxLShaBCGUj1BZf1yt'}
    INGEN spÃ¸rsmÃ¥l generert
  [91/253] (ingen tekst) ...
    HOPPET OVER (for kort tekst)
  [92/253] Viktig at eleven ser sammenhengen mellom teori og  ...
    AI-feil: Error code: 400 - {'type': 'error', 'error': {'type': 'invalid_request_error', 'message': 'Your credit balance is too low to access the Anthropic API. Please go to Plans & Billing to upgrade or purchase credits.'}, 'request_id': 'req_011Cb1zxMPkSpVXX4ArVyu37'}
    INGEN spÃ¸rsmÃ¥l generert
  [93/253] Menneskets kapasitet og trafikkens krav Eleven ska ...
    AI-feil: Error code: 400 - {'type': 'error', 'error': {'type': 'invalid_request_error', 'message': 'Your credit balance is too low to access the Anthropic API. Please go to Plans & Billing to upgrade or purchase credits.'}, 'request_id': 'req_011Cb1zxNMnr5tFBKwA1Acc6'}
    INGEN spÃ¸rsmÃ¥l generert
  [94/253] 2.5 Menneskets kapasitet og trafikkens krav  Aktue ...
    AI-feil: Error code: 400 - {'type': 'error', 'error': {'type': 'invalid_request_error', 'message': 'Your credit balance is too low to access the Anthropic API. Please go to Plans & Billing to upgrade or purchase credits.'}, 'request_id': 'req_011Cb1zxPNp3kuhxiJZuFCe3'}
    INGEN spÃ¸rsmÃ¥l generert
  [95/253] Viktig at eleven ser sammenhengen mellom teori og  ...
    AI-feil: Error code: 400 - {'type': 'error', 'error': {'type': 'invalid_request_error', 'message': 'Your credit balance is too low to access the Anthropic API. Please go to Plans & Billing to upgrade or purchase credits.'}, 'request_id': 'req_011Cb1zxQH8wgELnxWhveijN'}
    INGEN spÃ¸rsmÃ¥l generert
  [96/253] Det forutsettes at trafikklÃ¦rer kjenner mÃ¥lsetting ...
    AI-feil: Error code: 400 - {'type': 'error', 'error': {'type': 'invalid_request_error', 'message': 'Your credit balance is too low to access the Anthropic API. Please go to Plans & Billing to upgrade or purchase credits.'}, 'request_id': 'req_011Cb1zxRLdT2EL2iTa3csKu'}
    INGEN spÃ¸rsmÃ¥l generert
  [97/253] Trafikkens krav og menneskets kapasitet (4t s.107) ...
    AI-feil: Error code: 400 - {'type': 'error', 'error': {'type': 'invalid_request_error', 'message': 'Your credit balance is too low to access the Anthropic API. Please go to Plans & Billing to upgrade or purchase credits.'}, 'request_id': 'req_011Cb1zxSDTyD9gyR5bL6uvD'}
    INGEN spÃ¸rsmÃ¥l generert
  [98/253] (ingen tekst) ...
    HOPPET OVER (for kort tekst)
  [99/253] (ingen tekst) ...
    HOPPET OVER (for kort tekst)
  [100/253] GjÃ¸re seg klar for kjÃ¸ring Eleven skal  6. gjÃ¸re s ...
    AI-feil: Error code: 400 - {'type': 'error', 'error': {'type': 'invalid_request_error', 'message': 'Your credit balance is too low to access the Anthropic API. Please go to Plans & Billing to upgrade or purchase credits.'}, 'request_id': 'req_011Cb1zxT7YFoZM1AGMuJawH'}
    INGEN spÃ¸rsmÃ¥l generert
  [101/253] 2.6 GjÃ¸re klar for kjÃ¸ring   Aktuelt innhold  Sitt ...
    AI-feil: Error code: 400 - {'type': 'error', 'error': {'type': 'invalid_request_error', 'message': 'Your credit balance is too low to access the Anthropic API. Please go to Plans & Billing to upgrade or purchase credits.'}, 'request_id': 'req_011Cb1zxU4LjVnQ9LMezRmNe'}
    INGEN spÃ¸rsmÃ¥l generert
  [102/253] Hvordan lÃ¦rer eleven best Induktiv eller deduktiv. ...
    AI-feil: Error code: 400 - {'type': 'error', 'error': {'type': 'invalid_request_error', 'message': 'Your credit balance is too low to access the Anthropic API. Please go to Plans & Billing to upgrade or purchase credits.'}, 'request_id': 'req_011Cb1zxUvw4a4VJKyTfpSKx'}
    INGEN spÃ¸rsmÃ¥l generert
  [103/253] LÃ¦rer bÃ¸r beherske ulike metoder som f.eks. Proble ...
    AI-feil: Error code: 400 - {'type': 'error', 'error': {'type': 'invalid_request_error', 'message': 'Your credit balance is too low to access the Anthropic API. Please go to Plans & Billing to upgrade or purchase credits.'}, 'request_id': 'req_011Cb1zxVrVgKuNAo514EH4B'}
    INGEN spÃ¸rsmÃ¥l generert
  [104/253] Kombinerer ulike metoder ut i fra elevens forutset ...
    AI-feil: Error code: 400 - {'type': 'error', 'error': {'type': 'invalid_request_error', 'message': 'Your credit balance is too low to access the Anthropic API. Please go to Plans & Billing to upgrade or purchase credits.'}, 'request_id': 'req_011Cb1zxWrmdXrrUdicKi186'}
    INGEN spÃ¸rsmÃ¥l generert
  [105/253] Eks: Der hvor kjÃ¸retimen starter. ...
    AI-feil: Error code: 400 - {'type': 'error', 'error': {'type': 'invalid_request_error', 'message': 'Your credit balance is too low to access the Anthropic API. Please go to Plans & Billing to upgrade or purchase credits.'}, 'request_id': 'req_011Cb1zxXm6SaTCQkjqwKFgX'}
    INGEN spÃ¸rsmÃ¥l generert
  [106/253] Eleven skal kjenne prioriteringen av at arbeidssti ...
    AI-feil: Error code: 400 - {'type': 'error', 'error': {'type': 'invalid_request_error', 'message': 'Your credit balance is too low to access the Anthropic API. Please go to Plans & Billing to upgrade or purchase credits.'}, 'request_id': 'req_011Cb1zxYffYWnQBtWuL3y3Q'}
    INGEN spÃ¸rsmÃ¥l generert
  [107/253] Eleven skal  7. utfÃ¸re igangsetting og stans, giri ...
    AI-feil: Error code: 400 - {'type': 'error', 'error': {'type': 'invalid_request_error', 'message': 'Your credit balance is too low to access the Anthropic API. Please go to Plans & Billing to upgrade or purchase credits.'}, 'request_id': 'req_011Cb1zxZhvVpYyPVuJmJsg3'}
    INGEN spÃ¸rsmÃ¥l generert
  [108/253] 2.7 Grunnleggende bruk av bilen i variert terreng  ...
    AI-feil: Error code: 400 - {'type': 'error', 'error': {'type': 'invalid_request_error', 'message': 'Your credit balance is too low to access the Anthropic API. Please go to Plans & Billing to upgrade or purchase credits.'}, 'request_id': 'req_011Cb1zxaiwX2oB8Z1h8H9Ub'}
    INGEN spÃ¸rsmÃ¥l generert
  [109/253] 2.7 Grunnleggende bruk av bilen i variert terreng  ...
    AI-feil: Error code: 400 - {'type': 'error', 'error': {'type': 'invalid_request_error', 'message': 'Your credit balance is too low to access the Anthropic API. Please go to Plans & Billing to upgrade or purchase credits.'}, 'request_id': 'req_011Cb1zxbe1FbuntiDBtS5E6'}
    INGEN spÃ¸rsmÃ¥l generert
  [110/253] Viktig med riktig kjÃ¸retÃ¸ybehandling for Ã¥ fÃ¥ en s ...
    AI-feil: Error code: 400 - {'type': 'error', 'error': {'type': 'invalid_request_error', 'message': 'Your credit balance is too low to access the Anthropic API. Please go to Plans & Billing to upgrade or purchase credits.'}, 'request_id': 'req_011Cb1zxcmieFz6keYQrS3aN'}
    INGEN spÃ¸rsmÃ¥l generert
  [111/253] Veiledning/problemorientert undervisning Demonstra ...
    AI-feil: Error code: 400 - {'type': 'error', 'error': {'type': 'invalid_request_error', 'message': 'Your credit balance is too low to access the Anthropic API. Please go to Plans & Billing to upgrade or purchase credits.'}, 'request_id': 'req_011Cb1zxdg3AfiUUuGH1vzrw'}
    INGEN spÃ¸rsmÃ¥l generert
  [112/253] Dette er en forutsetning for Ã¥ lykkes med 3.4. Vei ...
    AI-feil: Error code: 400 - {'type': 'error', 'error': {'type': 'invalid_request_error', 'message': 'Your credit balance is too low to access the Anthropic API. Please go to Plans & Billing to upgrade or purchase credits.'}, 'request_id': 'req_011Cb1zxeYNkSEWpNJH2qw6P'}
    INGEN spÃ¸rsmÃ¥l generert
  [113/253] OmrÃ¥de med liten trafikk.    Strekninger med rundk ...
    AI-feil: Error code: 400 - {'type': 'error', 'error': {'type': 'invalid_request_error', 'message': 'Your credit balance is too low to access the Anthropic API. Please go to Plans & Billing to upgrade or purchase credits.'}, 'request_id': 'req_011Cb1zxfUvwkEvwQipptiS6'}
    INGEN spÃ¸rsmÃ¥l generert
  [114/253] OmrÃ¥det rundt skolen egner seg godt til igangsetti ...
    AI-feil: Error code: 400 - {'type': 'error', 'error': {'type': 'invalid_request_error', 'message': 'Your credit balance is too low to access the Anthropic API. Please go to Plans & Billing to upgrade or purchase credits.'}, 'request_id': 'req_011Cb1zxgQ1CLvXyLrSxPffq'}
    INGEN spÃ¸rsmÃ¥l generert
  [115/253] 2.7 Grunnleggende bruk av bilen i variert terreng  ...
    AI-feil: Error code: 400 - {'type': 'error', 'error': {'type': 'invalid_request_error', 'message': 'Your credit balance is too low to access the Anthropic API. Please go to Plans & Billing to upgrade or purchase credits.'}, 'request_id': 'req_011Cb1zxhPXihHosNNY4xTVM'}
    INGEN spÃ¸rsmÃ¥l generert
  [116/253] Eleven bÃ¸r se selv at om han behersker mÃ¥lene som  ...
    AI-feil: Error code: 400 - {'type': 'error', 'error': {'type': 'invalid_request_error', 'message': 'Your credit balance is too low to access the Anthropic API. Please go to Plans & Billing to upgrade or purchase credits.'}, 'request_id': 'req_011Cb1zxiPK3gcg4gPEwBx9Q'}
    INGEN spÃ¸rsmÃ¥l generert
  [117/253] Eleven skal  8. beherske grunnleggende kjÃ¸retÃ¸ybeh ...
    AI-feil: Error code: 400 - {'type': 'error', 'error': {'type': 'invalid_request_error', 'message': 'Your credit balance is too low to access the Anthropic API. Please go to Plans & Billing to upgrade or purchase credits.'}, 'request_id': 'req_011Cb1zxjH8rZvVZytDZBdwJ'}
    INGEN spÃ¸rsmÃ¥l generert
  [118/253] 2.8 Grunnleggende kjÃ¸retÃ¸ybehandling i omrÃ¥der med ...
    AI-feil: Error code: 400 - {'type': 'error', 'error': {'type': 'invalid_request_error', 'message': 'Your credit balance is too low to access the Anthropic API. Please go to Plans & Billing to upgrade or purchase credits.'}, 'request_id': 'req_011Cb1zxkCCsno8ps8MjJ4r6'}
    INGEN spÃ¸rsmÃ¥l generert
  [119/253] Skal beherske grunnleggende kjÃ¸retÃ¸ysbehandling sl ...
    AI-feil: Error code: 400 - {'type': 'error', 'error': {'type': 'invalid_request_error', 'message': 'Your credit balance is too low to access the Anthropic API. Please go to Plans & Billing to upgrade or purchase credits.'}, 'request_id': 'req_011Cb1zxm9zt1BLzRxkS55eJ'}
    INGEN spÃ¸rsmÃ¥l generert
  [120/253] Veiledning/problemorientert undervisning Demonstra ...
    AI-feil: Error code: 400 - {'type': 'error', 'error': {'type': 'invalid_request_error', 'message': 'Your credit balance is too low to access the Anthropic API. Please go to Plans & Billing to upgrade or purchase credits.'}, 'request_id': 'req_011Cb1zxn54QLCi4kcUCP33s'}
    INGEN spÃ¸rsmÃ¥l generert
  [121/253] Det tas utgangspunkt i elevens behov ved valg av m ...
    AI-feil: Error code: 400 - {'type': 'error', 'error': {'type': 'invalid_request_error', 'message': 'Your credit balance is too low to access the Anthropic API. Please go to Plans & Billing to upgrade or purchase credits.'}, 'request_id': 'req_011Cb1zxo3rRZngkTgUo7oZN'}
    INGEN spÃ¸rsmÃ¥l generert
  [122/253] Fokus forblir pÃ¥ det kjÃ¸retekniske. beherske grunn ...
    AI-feil: Error code: 400 - {'type': 'error', 'error': {'type': 'invalid_request_error', 'message': 'Your credit balance is too low to access the Anthropic API. Please go to Plans & Billing to upgrade or purchase credits.'}, 'request_id': 'req_011Cb1zxozerLsU11sH981PW'}
    INGEN spÃ¸rsmÃ¥l generert
  [123/253] Eleven bÃ¸r selv vÃ¦re i stand til Ã¥ se om han beher ...
    AI-feil: Error code: 400 - {'type': 'error', 'error': {'type': 'invalid_request_error', 'message': 'Your credit balance is too low to access the Anthropic API. Please go to Plans & Billing to upgrade or purchase credits.'}, 'request_id': 'req_011Cb1zxptyUdcQdgzPnxtNy'}
    INGEN spÃ¸rsmÃ¥l generert
  [124/253] Eleven skal  9. utfÃ¸re aktuell sikkerhetskontroll  ...
    AI-feil: Error code: 400 - {'type': 'error', 'error': {'type': 'invalid_request_error', 'message': 'Your credit balance is too low to access the Anthropic API. Please go to Plans & Billing to upgrade or purchase credits.'}, 'request_id': 'req_011Cb1zxqnJSrH1uKKjuUyH9'}
    INGEN spÃ¸rsmÃ¥l generert
  [125/253] 2.2 Bilens oppbygning med tanke pÃ¥ sikkerhet og mi ...
    AI-feil: Error code: 400 - {'type': 'error', 'error': {'type': 'invalid_request_error', 'message': 'Your credit balance is too low to access the Anthropic API. Please go to Plans & Billing to upgrade or purchase credits.'}, 'request_id': 'req_011Cb1zxrgdY7Qi9zEsTKKtb'}
    INGEN spÃ¸rsmÃ¥l generert
  [126/253] (ingen tekst) ...
    HOPPET OVER (for kort tekst)
  [127/253] LÃ¦rer bÃ¸r ha forstÃ¥else for kjÃ¸retÃ¸yets konstruksj ...
    AI-feil: Error code: 400 - {'type': 'error', 'error': {'type': 'invalid_request_error', 'message': 'Your credit balance is too low to access the Anthropic API. Please go to Plans & Billing to upgrade or purchase credits.'}, 'request_id': 'req_011Cb1zxsdBXf5p1Yf6c96zk'}
    INGEN spÃ¸rsmÃ¥l generert
  [128/253] Sikkerhetskontroll av bil er et tema som blir impl ...
    AI-feil: Error code: 400 - {'type': 'error', 'error': {'type': 'invalid_request_error', 'message': 'Your credit balance is too low to access the Anthropic API. Please go to Plans & Billing to upgrade or purchase credits.'}, 'request_id': 'req_011Cb1zxtZyy7zaZyhddVHkD'}
    INGEN spÃ¸rsmÃ¥l generert
  [129/253] Dette bÃ¸r gjennomfÃ¸res som en del av kjÃ¸retreninge ...
    AI-feil: Error code: 400 - {'type': 'error', 'error': {'type': 'invalid_request_error', 'message': 'Your credit balance is too low to access the Anthropic API. Please go to Plans & Billing to upgrade or purchase credits.'}, 'request_id': 'req_011Cb1zxv149XDJG4CqkS1LC'}
    INGEN spÃ¸rsmÃ¥l generert
  [130/253] Eleven skal kunne forklare hvordan man sjekker bil ...
    AI-feil: Error code: 400 - {'type': 'error', 'error': {'type': 'invalid_request_error', 'message': 'Your credit balance is too low to access the Anthropic API. Please go to Plans & Billing to upgrade or purchase credits.'}, 'request_id': 'req_011Cb1zxvvNRF453Nz2kwjcJ'}
    INGEN spÃ¸rsmÃ¥l generert
  [131/253] 2.10 Trinnvurdering jf. Â§ 7.5  Eleven skal, med ut ...
    AI-feil: Error code: 400 - {'type': 'error', 'error': {'type': 'invalid_request_error', 'message': 'Your credit balance is too low to access the Anthropic API. Please go to Plans & Billing to upgrade or purchase credits.'}, 'request_id': 'req_011Cb1zxwqvuDArLzfwh9XyU'}
    INGEN spÃ¸rsmÃ¥l generert
  [132/253] Den obligatoriske trinnvurderingen gjennomfÃ¸res mo ...
    AI-feil: Error code: 400 - {'type': 'error', 'error': {'type': 'invalid_request_error', 'message': 'Your credit balance is too low to access the Anthropic API. Please go to Plans & Billing to upgrade or purchase credits.'}, 'request_id': 'req_011Cb1zxxnEpge21EKQ7gJc8'}
    INGEN spÃ¸rsmÃ¥l generert
  [133/253] Deltakerforutsetningene vil vÃ¦re ulike ut fra elev ...
    AI-feil: Error code: 400 - {'type': 'error', 'error': {'type': 'invalid_request_error', 'message': 'Your credit balance is too low to access the Anthropic API. Please go to Plans & Billing to upgrade or purchase credits.'}, 'request_id': 'req_011Cb1zxyjYKikgm8AMcu33J'}
    INGEN spÃ¸rsmÃ¥l generert
  [134/253] MÃ¥  kjenne hovedmÃ¥let og hvilke tekniske ferdighet ...
    AI-feil: Error code: 400 - {'type': 'error', 'error': {'type': 'invalid_request_error', 'message': 'Your credit balance is too low to access the Anthropic API. Please go to Plans & Billing to upgrade or purchase credits.'}, 'request_id': 'req_011Cb1zxzdcZPbUgvgdmfC4v'}
    INGEN spÃ¸rsmÃ¥l generert
  [135/253] Trafikkskolen sÃ¸ker Ã¥ nÃ¥ mÃ¥lverbene i lÃ¦replanen v ...
    AI-feil: Error code: 400 - {'type': 'error', 'error': {'type': 'invalid_request_error', 'message': 'Your credit balance is too low to access the Anthropic API. Please go to Plans & Billing to upgrade or purchase credits.'}, 'request_id': 'req_011Cb1zy1YBaVNubjYKFhS3L'}
    INGEN spÃ¸rsmÃ¥l generert
  [136/253] OmrÃ¥det som velges for trinnvurderingen er avhengi ...
    AI-feil: Error code: 400 - {'type': 'error', 'error': {'type': 'invalid_request_error', 'message': 'Your credit balance is too low to access the Anthropic API. Please go to Plans & Billing to upgrade or purchase credits.'}, 'request_id': 'req_011Cb1zy2RmDs5b6fCBYP1oG'}
    INGEN spÃ¸rsmÃ¥l generert
  [137/253] Med utgangspunkt i egne prestasjoner skal elevene  ...
    AI-feil: Error code: 400 - {'type': 'error', 'error': {'type': 'invalid_request_error', 'message': 'Your credit balance is too low to access the Anthropic API. Please go to Plans & Billing to upgrade or purchase credits.'}, 'request_id': 'req_011Cb1zy3L5qpZByprfsNMS7'}
    INGEN spÃ¸rsmÃ¥l generert
  [138/253] MÃ¥l for trinn 3, jf. Â§ 11-4  Etter Ã¥ ha gjennomfÃ¸r ...
    AI-feil: Error code: 400 - {'type': 'error', 'error': {'type': 'invalid_request_error', 'message': 'Your credit balance is too low to access the Anthropic API. Please go to Plans & Billing to upgrade or purchase credits.'}, 'request_id': 'req_011Cb1zy4GtK9KLoMfYHGAyw'}
    INGEN spÃ¸rsmÃ¥l generert
  [139/253] Eleven skal  1. gjÃ¸re rede for trafikksystemet, tr ...
    AI-feil: Error code: 400 - {'type': 'error', 'error': {'type': 'invalid_request_error', 'message': 'Your credit balance is too low to access the Anthropic API. Please go to Plans & Billing to upgrade or purchase credits.'}, 'request_id': 'req_011Cb1zy5NcpBz1av9SPFikN'}
    INGEN spÃ¸rsmÃ¥l generert
  [140/253] 3.1 Trafikksystemet, trafikantgrupper og interesse ...
    AI-feil: Error code: 400 - {'type': 'error', 'error': {'type': 'invalid_request_error', 'message': 'Your credit balance is too low to access the Anthropic API. Please go to Plans & Billing to upgrade or purchase credits.'}, 'request_id': 'req_011Cb1zy6HBuWonX9X9LLfgN'}
    INGEN spÃ¸rsmÃ¥l generert
  [141/253] Har eleven lese- og skrivevansker? Kan eleven nors ...
    AI-feil: Error code: 400 - {'type': 'error', 'error': {'type': 'invalid_request_error', 'message': 'Your credit balance is too low to access the Anthropic API. Please go to Plans & Billing to upgrade or purchase credits.'}, 'request_id': 'req_011Cb1zy7GU2wMxAyJDJUoso'}
    INGEN spÃ¸rsmÃ¥l generert
  [142/253] Lytte til elevens Ã¸nsker  LÃ¦rer mÃ¥ kunne stoffet s ...
    AI-feil: Error code: 400 - {'type': 'error', 'error': {'type': 'invalid_request_error', 'message': 'Your credit balance is too low to access the Anthropic API. Please go to Plans & Billing to upgrade or purchase credits.'}, 'request_id': 'req_011Cb1zy89oYREjtqxBBNMeZ'}
    INGEN spÃ¸rsmÃ¥l generert
  [143/253] Problem orientert undervisning: Hvordan skal du nÃ¥ ...
    AI-feil: Error code: 400 - {'type': 'error', 'error': {'type': 'invalid_request_error', 'message': 'Your credit balance is too low to access the Anthropic API. Please go to Plans & Billing to upgrade or purchase credits.'}, 'request_id': 'req_011Cb1zy9EnZ24LNU1YTg3XU'}
    INGEN spÃ¸rsmÃ¥l generert
  [144/253] (ingen tekst) ...
    HOPPET OVER (for kort tekst)
  [145/253] Viktig at eleven ser sammenhengen mellom teori og  ...
    AI-feil: Error code: 400 - {'type': 'error', 'error': {'type': 'invalid_request_error', 'message': 'Your credit balance is too low to access the Anthropic API. Please go to Plans & Billing to upgrade or purchase credits.'}, 'request_id': 'req_011Cb1zyAb9P3ZgD9ntfsBzN'}
    INGEN spÃ¸rsmÃ¥l generert
  [146/253] Veg, vegoppmerking, skilt og annen trafikkreguleri ...
    AI-feil: Error code: 400 - {'type': 'error', 'error': {'type': 'invalid_request_error', 'message': 'Your credit balance is too low to access the Anthropic API. Please go to Plans & Billing to upgrade or purchase credits.'}, 'request_id': 'req_011Cb1zyBViYuF1T4BSviqU4'}
    INGEN spÃ¸rsmÃ¥l generert
  [147/253] 3.2 Veg, vegoppmerking, skilt og annen regulering  ...
    AI-feil: Error code: 400 - {'type': 'error', 'error': {'type': 'invalid_request_error', 'message': 'Your credit balance is too low to access the Anthropic API. Please go to Plans & Billing to upgrade or purchase credits.'}, 'request_id': 'req_011Cb1zyCUFx7RQk94xF6B2D'}
    INGEN spÃ¸rsmÃ¥l generert
  [148/253] Har eleven lese- og skrivevansker? Kan eleven nors ...
    AI-feil: Error code: 400 - {'type': 'error', 'error': {'type': 'invalid_request_error', 'message': 'Your credit balance is too low to access the Anthropic API. Please go to Plans & Billing to upgrade or purchase credits.'}, 'request_id': 'req_011Cb1zyDQKLZZCR8aEuMghD'}
    INGEN spÃ¸rsmÃ¥l generert
  [149/253] (ingen tekst) ...
    HOPPET OVER (for kort tekst)
  [150/253] Definisjoner (4t s.119) Anlegg i vegen (4t s.146)  ...
    AI-feil: Error code: 400 - {'type': 'error', 'error': {'type': 'invalid_request_error', 'message': 'Your credit balance is too low to access the Anthropic API. Please go to Plans & Billing to upgrade or purchase credits.'}, 'request_id': 'req_011Cb1zyEUZ6zu6tPUzj5feK'}
    INGEN spÃ¸rsmÃ¥l generert
  [151/253] (ingen tekst) ...
    HOPPET OVER (for kort tekst)
  [152/253] Viktig at eleven ser sammenhengen mellom teori og  ...
    AI-feil: Error code: 400 - {'type': 'error', 'error': {'type': 'invalid_request_error', 'message': 'Your credit balance is too low to access the Anthropic API. Please go to Plans & Billing to upgrade or purchase credits.'}, 'request_id': 'req_011Cb1zyFWpPQFT1EN41JBDo'}
    INGEN spÃ¸rsmÃ¥l generert
  [153/253] Atferd i trafikken i ulike vegmiljÃ¸ Eleven skal 3. ...
    AI-feil: Error code: 400 - {'type': 'error', 'error': {'type': 'invalid_request_error', 'message': 'Your credit balance is too low to access the Anthropic API. Please go to Plans & Billing to upgrade or purchase credits.'}, 'request_id': 'req_011Cb1zyGRszkmZk8df9k2vE'}
    INGEN spÃ¸rsmÃ¥l generert
  [154/253] 3.3 Atferd i trafikken  Aktuelt innhold  Vegtrafik ...
    AI-feil: Error code: 400 - {'type': 'error', 'error': {'type': 'invalid_request_error', 'message': 'Your credit balance is too low to access the Anthropic API. Please go to Plans & Billing to upgrade or purchase credits.'}, 'request_id': 'req_011Cb1zyHRfHrxtYmNhZhiBE'}
    INGEN spÃ¸rsmÃ¥l generert
  [155/253] Har eleven lese- og skrivevansker? Kan eleven nors ...
    AI-feil: Error code: 400 - {'type': 'error', 'error': {'type': 'invalid_request_error', 'message': 'Your credit balance is too low to access the Anthropic API. Please go to Plans & Billing to upgrade or purchase credits.'}, 'request_id': 'req_011Cb1zyJSRya4HW5uaonumt'}
    INGEN spÃ¸rsmÃ¥l generert
  [156/253] (ingen tekst) ...
    HOPPET OVER (for kort tekst)
  [157/253] Vegtrafikklovgivningen (4t s.210) Grunnregler (4t  ...
    AI-feil: Error code: 400 - {'type': 'error', 'error': {'type': 'invalid_request_error', 'message': 'Your credit balance is too low to access the Anthropic API. Please go to Plans & Billing to upgrade or purchase credits.'}, 'request_id': 'req_011Cb1zyKXQuq9C28MZMqhRG'}
    INGEN spÃ¸rsmÃ¥l generert
  [158/253] (ingen tekst) ...
    HOPPET OVER (for kort tekst)
  [159/253] Viktig at eleven ser sammenhengen mellom teori og  ...
    AI-feil: Error code: 400 - {'type': 'error', 'error': {'type': 'invalid_request_error', 'message': 'Your credit balance is too low to access the Anthropic API. Please go to Plans & Billing to upgrade or purchase credits.'}, 'request_id': 'req_011Cb1zyLTyAq7XoexstdS2E'}
    INGEN spÃ¸rsmÃ¥l generert
  [160/253] Systematisk og automatisert informasjons-innhentin ...
    AI-feil: Error code: 400 - {'type': 'error', 'error': {'type': 'invalid_request_error', 'message': 'Your credit balance is too low to access the Anthropic API. Please go to Plans & Billing to upgrade or purchase credits.'}, 'request_id': 'req_011Cb1zyMQXPZiybyMvpY4w4'}
    INGEN spÃ¸rsmÃ¥l generert
  [161/253] 3.4 Informasjonsinnhenting  Aktuelt innhold  Grunn ...
    AI-feil: Error code: 400 - {'type': 'error', 'error': {'type': 'invalid_request_error', 'message': 'Your credit balance is too low to access the Anthropic API. Please go to Plans & Billing to upgrade or purchase credits.'}, 'request_id': 'req_011Cb1zyNRHrbToXnZgynGzb'}
    INGEN spÃ¸rsmÃ¥l generert
  [162/253] Vi forventer at eleven er teknisk flink med kjÃ¸ret ...
    AI-feil: Error code: 400 - {'type': 'error', 'error': {'type': 'invalid_request_error', 'message': 'Your credit balance is too low to access the Anthropic API. Please go to Plans & Billing to upgrade or purchase credits.'}, 'request_id': 'req_011Cb1zyPJsbnWJLj54Bihun'}
    INGEN spÃ¸rsmÃ¥l generert
  [163/253] LÃ¦rer mÃ¥ kunne lede oppmerksomheten mot det som er ...
    AI-feil: Error code: 400 - {'type': 'error', 'error': {'type': 'invalid_request_error', 'message': 'Your credit balance is too low to access the Anthropic API. Please go to Plans & Billing to upgrade or purchase credits.'}, 'request_id': 'req_011Cb1zyQJecNMdLUsQ3Zdbi'}
    INGEN spÃ¸rsmÃ¥l generert
  [164/253] Gjennomgang av se-reglene. Se regel Se langt fram  ...
    AI-feil: Error code: 400 - {'type': 'error', 'error': {'type': 'invalid_request_error', 'message': 'Your credit balance is too low to access the Anthropic API. Please go to Plans & Billing to upgrade or purchase credits.'}, 'request_id': 'req_011Cb1zyRMu6AvxD8RddQgjN'}
    INGEN spÃ¸rsmÃ¥l generert
  [165/253] I dette omrÃ¥det Ã¸nsker vi Ã¥ trene pÃ¥ se-reglene i  ...
    AI-feil: Error code: 400 - {'type': 'error', 'error': {'type': 'invalid_request_error', 'message': 'Your credit balance is too low to access the Anthropic API. Please go to Plans & Billing to upgrade or purchase credits.'}, 'request_id': 'req_011Cb1zySMvfeaXbDrNpQf8C'}
    INGEN spÃ¸rsmÃ¥l generert
  [166/253] Ã˜nsker at eleven skal klare Ã¥ forstÃ¥ at jo flere t ...
    AI-feil: Error code: 400 - {'type': 'error', 'error': {'type': 'invalid_request_error', 'message': 'Your credit balance is too low to access the Anthropic API. Please go to Plans & Billing to upgrade or purchase credits.'}, 'request_id': 'req_011Cb1zyTHzAgQmWDMZy5yrZ'}
    INGEN spÃ¸rsmÃ¥l generert
  [167/253] KjÃ¸re tydelig og bestemt i bolig, tettsted og bymi ...
    AI-feil: Error code: 400 - {'type': 'error', 'error': {'type': 'invalid_request_error', 'message': 'Your credit balance is too low to access the Anthropic API. Please go to Plans & Billing to upgrade or purchase credits.'}, 'request_id': 'req_011Cb1zyUMjDLc8FZhvy41YZ'}
    INGEN spÃ¸rsmÃ¥l generert
  [168/253] 3.5: KjÃ¸ring i tettsteds- og bymiljÃ¸  Aktuelt innh ...
    AI-feil: Error code: 400 - {'type': 'error', 'error': {'type': 'invalid_request_error', 'message': 'Your credit balance is too low to access the Anthropic API. Please go to Plans & Billing to upgrade or purchase credits.'}, 'request_id': 'req_011Cb1zyVHnmMEpX5YJgCgCW'}
    INGEN spÃ¸rsmÃ¥l generert
  [169/253] Helhetlig overblikk, se etter risikoforhold foruts ...
    AI-feil: Error code: 400 - {'type': 'error', 'error': {'type': 'invalid_request_error', 'message': 'Your credit balance is too low to access the Anthropic API. Please go to Plans & Billing to upgrade or purchase credits.'}, 'request_id': 'req_011Cb1zyWCrZYr6cz2S8DXTM'}
    INGEN spÃ¸rsmÃ¥l generert
  [170/253] LÃ¦rer mÃ¥ kunne lede oppmerksomheten mot det som er ...
    AI-feil: Error code: 400 - {'type': 'error', 'error': {'type': 'invalid_request_error', 'message': 'Your credit balance is too low to access the Anthropic API. Please go to Plans & Billing to upgrade or purchase credits.'}, 'request_id': 'req_011Cb1zyX7fwG1P3SD7Yc3eH'}
    INGEN spÃ¸rsmÃ¥l generert
  [171/253] Gjennomgang av se-reglene. Se regel Se langt fram  ...
    AI-feil: Error code: 400 - {'type': 'error', 'error': {'type': 'invalid_request_error', 'message': 'Your credit balance is too low to access the Anthropic API. Please go to Plans & Billing to upgrade or purchase credits.'}, 'request_id': 'req_011Cb1zyYiuse7Aevmv714KP'}
    INGEN spÃ¸rsmÃ¥l generert
  [172/253] OmrÃ¥dene kjennetegnes av hus inntil veien med fare ...
    AI-feil: Error code: 400 - {'type': 'error', 'error': {'type': 'invalid_request_error', 'message': 'Your credit balance is too low to access the Anthropic API. Please go to Plans & Billing to upgrade or purchase credits.'}, 'request_id': 'req_011Cb1zyZiCPJFnvuSSZ6Qqm'}
    INGEN spÃ¸rsmÃ¥l generert
  [173/253] Etter trafikkreglene Â§16 krever myndigheten at vi  ...
    AI-feil: Error code: 400 - {'type': 'error', 'error': {'type': 'invalid_request_error', 'message': 'Your credit balance is too low to access the Anthropic API. Please go to Plans & Billing to upgrade or purchase credits.'}, 'request_id': 'req_011Cb1zyadGF9wD5wSt5fTqQ'}
    INGEN spÃ¸rsmÃ¥l generert
  [174/253] KjÃ¸re sikkert og effektivt i landevegsmiljÃ¸ Eleven ...
    AI-feil: Error code: 400 - {'type': 'error', 'error': {'type': 'invalid_request_error', 'message': 'Your credit balance is too low to access the Anthropic API. Please go to Plans & Billing to upgrade or purchase credits.'}, 'request_id': 'req_011Cb1zybox9m3TfKAGmnqdH'}
    INGEN spÃ¸rsmÃ¥l generert
  [175/253] 3.6 KjÃ¸ring i landevegsmiljÃ¸  Aktuelt linnhold Sit ...
    AI-feil: Error code: 400 - {'type': 'error', 'error': {'type': 'invalid_request_error', 'message': 'Your credit balance is too low to access the Anthropic API. Please go to Plans & Billing to upgrade or purchase credits.'}, 'request_id': 'req_011Cb1zycjGWDPBPvfVwFuvK'}
    INGEN spÃ¸rsmÃ¥l generert
  [176/253] Eleven skal kjÃ¸re tydelig, sikkert og selvstendig  ...
    AI-feil: Error code: 400 - {'type': 'error', 'error': {'type': 'invalid_request_error', 'message': 'Your credit balance is too low to access the Anthropic API. Please go to Plans & Billing to upgrade or purchase credits.'}, 'request_id': 'req_011Cb1zydeafNLoaSNuvUfZd'}
    INGEN spÃ¸rsmÃ¥l generert
  [177/253] Innenfor forskriftas rammer velger lÃ¦reren selv, m ...
    AI-feil: Error code: 400 - {'type': 'error', 'error': {'type': 'invalid_request_error', 'message': 'Your credit balance is too low to access the Anthropic API. Please go to Plans & Billing to upgrade or purchase credits.'}, 'request_id': 'req_011Cb1zyeZPyMtGnXkm7uFZF'}
    INGEN spÃ¸rsmÃ¥l generert
  [178/253] God oversikt gir best kjÃ¸ring, forberede seg pÃ¥ si ...
    AI-feil: Error code: 400 - {'type': 'error', 'error': {'type': 'invalid_request_error', 'message': 'Your credit balance is too low to access the Anthropic API. Please go to Plans & Billing to upgrade or purchase credits.'}, 'request_id': 'req_011Cb1zyfXSYPc1KNzHAuzRY'}
    INGEN spÃ¸rsmÃ¥l generert
  [179/253] Veistrekning ut mot ????????? og tilbake,  strekni ...
    AI-feil: Error code: 400 - {'type': 'error', 'error': {'type': 'invalid_request_error', 'message': 'Your credit balance is too low to access the Anthropic API. Please go to Plans & Billing to upgrade or purchase credits.'}, 'request_id': 'req_011Cb1zygWyB5dSyHKgqiWAb'}
    INGEN spÃ¸rsmÃ¥l generert
  [180/253] (ingen tekst) ...
    HOPPET OVER (for kort tekst)
  [181/253] Eleven skal gjennom hele trinnet drÃ¸fte sin egen m ...
    AI-feil: Error code: 400 - {'type': 'error', 'error': {'type': 'invalid_request_error', 'message': 'Your credit balance is too low to access the Anthropic API. Please go to Plans & Billing to upgrade or purchase credits.'}, 'request_id': 'req_011Cb1zyhSHVQiAQ8eZsPKNq'}
    INGEN spÃ¸rsmÃ¥l generert
  [182/253] KjÃ¸re sikkert og effektivt i forbindelse med kÃ¸, i ...
    AI-feil: Error code: 400 - {'type': 'error', 'error': {'type': 'invalid_request_error', 'message': 'Your credit balance is too low to access the Anthropic API. Please go to Plans & Billing to upgrade or purchase credits.'}, 'request_id': 'req_011Cb1zyiN6NQaxvtTktBD95'}
    INGEN spÃ¸rsmÃ¥l generert
  [183/253] 3.7 KjÃ¸ring i kÃ¸, i tunnel og i mÃ¸rket  Aktuelt in ...
    AI-feil: Error code: 400 - {'type': 'error', 'error': {'type': 'invalid_request_error', 'message': 'Your credit balance is too low to access the Anthropic API. Please go to Plans & Billing to upgrade or purchase credits.'}, 'request_id': 'req_011Cb1zyjJeVG3ZQZririiuT'}
    INGEN spÃ¸rsmÃ¥l generert
  [184/253] (ingen tekst) ...
    HOPPET OVER (for kort tekst)
  [185/253] (ingen tekst) ...
    HOPPET OVER (for kort tekst)
  [186/253] Gjennomgang av se-reglene. Se regel Se langt fram  ...
    AI-feil: Error code: 400 - {'type': 'error', 'error': {'type': 'invalid_request_error', 'message': 'Your credit balance is too low to access the Anthropic API. Please go to Plans & Billing to upgrade or purchase credits.'}, 'request_id': 'req_011Cb1zykETeP75utPDbBn23'}
    INGEN spÃ¸rsmÃ¥l generert
  [187/253] Dette deltrinnet blir undervist pÃ¥ vei til sikkerh ...
    AI-feil: Error code: 400 - {'type': 'error', 'error': {'type': 'invalid_request_error', 'message': 'Your credit balance is too low to access the Anthropic API. Please go to Plans & Billing to upgrade or purchase credits.'}, 'request_id': 'req_011Cb1zymFj8fm7Js8dvGKAp'}
    INGEN spÃ¸rsmÃ¥l generert
  [188/253] (ingen tekst) ...
    HOPPET OVER (for kort tekst)
  [189/253] KjÃ¸re effektivt, behagelig, miljÃ¸vennlig og Ã¸konom ...
    AI-feil: Error code: 400 - {'type': 'error', 'error': {'type': 'invalid_request_error', 'message': 'Your credit balance is too low to access the Anthropic API. Please go to Plans & Billing to upgrade or purchase credits.'}, 'request_id': 'req_011Cb1zyniHS37ob7tsBGz7P'}
    INGEN spÃ¸rsmÃ¥l generert
  [190/253] 3.8 Sikker samhandling   Aktuelt innhold  Tidlig o ...
    AI-feil: Error code: 400 - {'type': 'error', 'error': {'type': 'invalid_request_error', 'message': 'Your credit balance is too low to access the Anthropic API. Please go to Plans & Billing to upgrade or purchase credits.'}, 'request_id': 'req_011Cb1zyopG5UErY8REWuKn9'}
    INGEN spÃ¸rsmÃ¥l generert
  [191/253] En forutsetning for Ã¥ lykkes med den praktiske opp ...
    AI-feil: Error code: 400 - {'type': 'error', 'error': {'type': 'invalid_request_error', 'message': 'Your credit balance is too low to access the Anthropic API. Please go to Plans & Billing to upgrade or purchase credits.'}, 'request_id': 'req_011Cb1zypjaknEGGLwN4dyo9'}
    INGEN spÃ¸rsmÃ¥l generert
  [192/253] (ingen tekst) ...
    HOPPET OVER (for kort tekst)
  [193/253] Gjennomgang av se-reglene. Se regel Se langt fram  ...
    AI-feil: Error code: 400 - {'type': 'error', 'error': {'type': 'invalid_request_error', 'message': 'Your credit balance is too low to access the Anthropic API. Please go to Plans & Billing to upgrade or purchase credits.'}, 'request_id': 'req_011Cb1zyqeeXGnhka8cYyxGw'}
    INGEN spÃ¸rsmÃ¥l generert
  [194/253] OmrÃ¥det mellom ???????? og ?????????????? er omrÃ¥d ...
    AI-feil: Error code: 400 - {'type': 'error', 'error': {'type': 'invalid_request_error', 'message': 'Your credit balance is too low to access the Anthropic API. Please go to Plans & Billing to upgrade or purchase credits.'}, 'request_id': 'req_011Cb1zyrcSLrsUKimkQAXBU'}
    INGEN spÃ¸rsmÃ¥l generert
  [195/253] Eleven skal kunne kjÃ¸re effektivt og behagelig, mi ...
    AI-feil: Error code: 400 - {'type': 'error', 'error': {'type': 'invalid_request_error', 'message': 'Your credit balance is too low to access the Anthropic API. Please go to Plans & Billing to upgrade or purchase credits.'}, 'request_id': 'req_011Cb1zysWWdRrcuBmYWyAjc'}
    INGEN spÃ¸rsmÃ¥l generert
  [196/253] Trinn-vurdering 3.9 Trinnvurdering jf. Â§ 7.5  Trin ...
    AI-feil: Error code: 400 - {'type': 'error', 'error': {'type': 'invalid_request_error', 'message': 'Your credit balance is too low to access the Anthropic API. Please go to Plans & Billing to upgrade or purchase credits.'}, 'request_id': 'req_011Cb1zytR5gqLXdFJQ5ya5h'}
    INGEN spÃ¸rsmÃ¥l generert
  [197/253] Eleven skal, med utgangspunkt i sine prestasjoner, ...
    AI-feil: Error code: 400 - {'type': 'error', 'error': {'type': 'invalid_request_error', 'message': 'Your credit balance is too low to access the Anthropic API. Please go to Plans & Billing to upgrade or purchase credits.'}, 'request_id': 'req_011Cb1zyugEkd8vADhG1QXd1'}
    INGEN spÃ¸rsmÃ¥l generert
  [198/253] Utvise kunnskaper og ferdigheter, med selvinnsikt  ...
    AI-feil: Error code: 400 - {'type': 'error', 'error': {'type': 'invalid_request_error', 'message': 'Your credit balance is too low to access the Anthropic API. Please go to Plans & Billing to upgrade or purchase credits.'}, 'request_id': 'req_011Cb1zyveXVa9Ui4VhRSxDs'}
    INGEN spÃ¸rsmÃ¥l generert
  [199/253] (ingen tekst) ...
    HOPPET OVER (for kort tekst)
  [200/253] Trinnvurderingen skal vare 45 minutter og innehold ...
    AI-feil: Error code: 400 - {'type': 'error', 'error': {'type': 'invalid_request_error', 'message': 'Your credit balance is too low to access the Anthropic API. Please go to Plans & Billing to upgrade or purchase credits.'}, 'request_id': 'req_011Cb1zywbL8kzCKvpBk2p8o'}
    INGEN spÃ¸rsmÃ¥l generert
  [201/253] (ingen tekst) ...
    HOPPET OVER (for kort tekst)
  [202/253] 3.9: Trinnvurdering jf. Â§ 7.5  Eleven skal, med ut ...
    AI-feil: Error code: 400 - {'type': 'error', 'error': {'type': 'invalid_request_error', 'message': 'Your credit balance is too low to access the Anthropic API. Please go to Plans & Billing to upgrade or purchase credits.'}, 'request_id': 'req_011Cb1zyxWtaoa2DfQ4ckDBn'}
    INGEN spÃ¸rsmÃ¥l generert
  [203/253] SKB MÃ¥l for sikkerhetskurs pÃ¥ Ã¸vingsbane, jf. Â§ 11 ...
    AI-feil: Error code: 400 - {'type': 'error', 'error': {'type': 'invalid_request_error', 'message': 'Your credit balance is too low to access the Anthropic API. Please go to Plans & Billing to upgrade or purchase credits.'}, 'request_id': 'req_011Cb1zyya9C8avFA1EWmUmo'}
    INGEN spÃ¸rsmÃ¥l generert
  [204/253] 3.10.1 MÃ¥l, organisering og forventninger  Aktuelt ...
    AI-feil: Error code: 400 - {'type': 'error', 'error': {'type': 'invalid_request_error', 'message': 'Your credit balance is too low to access the Anthropic API. Please go to Plans & Billing to upgrade or purchase credits.'}, 'request_id': 'req_011Cb1zyzUxw5t92im7Vkw3B'}
    INGEN spÃ¸rsmÃ¥l generert
  [205/253] Eleven skal gjennom opplevelse og erfaring videreu ...
    AI-feil: Error code: 400 - {'type': 'error', 'error': {'type': 'invalid_request_error', 'message': 'Your credit balance is too low to access the Anthropic API. Please go to Plans & Billing to upgrade or purchase credits.'}, 'request_id': 'req_011Cb1zz1UFDKBSvSz7UTD12'}
    INGEN spÃ¸rsmÃ¥l generert
  [206/253] (ingen tekst) ...
    HOPPET OVER (for kort tekst)
  [207/253] Det skal gjennom opplevelse og erfaring: Videreutv ...
    AI-feil: Error code: 400 - {'type': 'error', 'error': {'type': 'invalid_request_error', 'message': 'Your credit balance is too low to access the Anthropic API. Please go to Plans & Billing to upgrade or purchase credits.'}, 'request_id': 'req_011Cb1zz2fvm6iwhcSLDXMUz'}
    INGEN spÃ¸rsmÃ¥l generert
  [208/253] (ingen tekst) ...
    HOPPET OVER (for kort tekst)
  [209/253] Viktig at eleven er i stand til gjennom opplevelse ...
    AI-feil: Error code: 400 - {'type': 'error', 'error': {'type': 'invalid_request_error', 'message': 'Your credit balance is too low to access the Anthropic API. Please go to Plans & Billing to upgrade or purchase credits.'}, 'request_id': 'req_011Cb1zz3eTkhUcp27miNEqE'}
    INGEN spÃ¸rsmÃ¥l generert
  [210/253] Â§ 11-9.KursmÃ¥l for sikkerhetskurs pÃ¥ veg - klasse  ...
    AI-feil: Error code: 400 - {'type': 'error', 'error': {'type': 'invalid_request_error', 'message': 'Your credit balance is too low to access the Anthropic API. Please go to Plans & Billing to upgrade or purchase credits.'}, 'request_id': 'req_011Cb1zz4aH227Vk9X4KZnfH'}
    INGEN spÃ¸rsmÃ¥l generert
  [211/253] BilkjÃ¸ringens risiko Eleven skal ha forstÃ¥else for ...
    AI-feil: Error code: 400 - {'type': 'error', 'error': {'type': 'invalid_request_error', 'message': 'Your credit balance is too low to access the Anthropic API. Please go to Plans & Billing to upgrade or purchase credits.'}, 'request_id': 'req_011Cb1zz5VqJfDWcndByXEK2'}
    INGEN spÃ¸rsmÃ¥l generert
  [212/253] 4.1.1 BilkjÃ¸ringens risiko  Aktuelt innhold  Prese ...
    AI-feil: Error code: 400 - {'type': 'error', 'error': {'type': 'invalid_request_error', 'message': 'Your credit balance is too low to access the Anthropic API. Please go to Plans & Billing to upgrade or purchase credits.'}, 'request_id': 'req_011Cb1zz6hGWFb4qpXNd8JeE'}
    INGEN spÃ¸rsmÃ¥l generert
  [213/253] Eleven mÃ¥ vÃ¦re pÃ¥ riktig nivÃ¥! Han mÃ¥ mestre kjÃ¸ri ...
    AI-feil: Error code: 400 - {'type': 'error', 'error': {'type': 'invalid_request_error', 'message': 'Your credit balance is too low to access the Anthropic API. Please go to Plans & Billing to upgrade or purchase credits.'}, 'request_id': 'req_011Cb1zz8BK6rCEFyWWkBaPF'}
    INGEN spÃ¸rsmÃ¥l generert
  [214/253] Veiledning/problemorientert undervisning Demonstra ...
    AI-feil: Error code: 400 - {'type': 'error', 'error': {'type': 'invalid_request_error', 'message': 'Your credit balance is too low to access the Anthropic API. Please go to Plans & Billing to upgrade or purchase credits.'}, 'request_id': 'req_011Cb1zz94QDLjUd1t6YCKqY'}
    INGEN spÃ¸rsmÃ¥l generert
  [215/253] POU Eks. pÃ¥ arbeidsoppgave: Du har fÃ¥tt en prÃ¸vepe ...
    AI-feil: Error code: 400 - {'type': 'error', 'error': {'type': 'invalid_request_error', 'message': 'Your credit balance is too low to access the Anthropic API. Please go to Plans & Billing to upgrade or purchase credits.'}, 'request_id': 'req_011Cb1zz9yiaHvmzSjHhKJGu'}
    INGEN spÃ¸rsmÃ¥l generert
  [216/253] Â«Eleven skal gjennomfÃ¸re sikkerhetskurs pÃ¥ Ã¸vingsb ...
    AI-feil: Error code: 400 - {'type': 'error', 'error': {'type': 'invalid_request_error', 'message': 'Your credit balance is too low to access the Anthropic API. Please go to Plans & Billing to upgrade or purchase credits.'}, 'request_id': 'req_011Cb1zzAroKmczVsogkRrwt'}
    INGEN spÃ¸rsmÃ¥l generert
  [217/253] Vi Ã¸nsker at eleven selv:   Har forstÃ¥else for bil ...
    AI-feil: Error code: 400 - {'type': 'error', 'error': {'type': 'invalid_request_error', 'message': 'Your credit balance is too low to access the Anthropic API. Please go to Plans & Billing to upgrade or purchase credits.'}, 'request_id': 'req_011Cb1zzBsp8zSD1JBrWdWE9'}
    INGEN spÃ¸rsmÃ¥l generert
  [218/253] Eleven skal 2. videreutvikle sin kjÃ¸rekompetanse i ...
    AI-feil: Error code: 400 - {'type': 'error', 'error': {'type': 'invalid_request_error', 'message': 'Your credit balance is too low to access the Anthropic API. Please go to Plans & Billing to upgrade or purchase credits.'}, 'request_id': 'req_011Cb1zzCmtNirHyiJVnmrC4'}
    INGEN spÃ¸rsmÃ¥l generert
  [219/253] 4.1.2 KjÃ¸ring i landevegsmiljÃ¸  Aktuelt innhold Le ...
    AI-feil: Error code: 400 - {'type': 'error', 'error': {'type': 'invalid_request_error', 'message': 'Your credit balance is too low to access the Anthropic API. Please go to Plans & Billing to upgrade or purchase credits.'}, 'request_id': 'req_011Cb1zzDoQaDvBpbkp6nEDs'}
    INGEN spÃ¸rsmÃ¥l generert
  [220/253] Eleven mÃ¥ vÃ¦re pÃ¥ riktig nivÃ¥! Han mÃ¥ mestre kjÃ¸ri ...
    AI-feil: Error code: 400 - {'type': 'error', 'error': {'type': 'invalid_request_error', 'message': 'Your credit balance is too low to access the Anthropic API. Please go to Plans & Billing to upgrade or purchase credits.'}, 'request_id': 'req_011Cb1zzEqR89VmB15guWu1n'}
    INGEN spÃ¸rsmÃ¥l generert
  [221/253] LÃ¦rer mÃ¥ vÃ¦re aktiv i det Ã¥ skape refleksjon 	spÃ¸r ...
    AI-feil: Error code: 400 - {'type': 'error', 'error': {'type': 'invalid_request_error', 'message': 'Your credit balance is too low to access the Anthropic API. Please go to Plans & Billing to upgrade or purchase credits.'}, 'request_id': 'req_011Cb1zzFoTJKHz52Hxcm82z'}
    INGEN spÃ¸rsmÃ¥l generert
  [222/253] Ut ifra mÃ¥lverbet velger vi metoder som: OppgavelÃ¸ ...
    AI-feil: Error code: 400 - {'type': 'error', 'error': {'type': 'invalid_request_error', 'message': 'Your credit balance is too low to access the Anthropic API. Please go to Plans & Billing to upgrade or purchase credits.'}, 'request_id': 'req_011Cb1zzGimsLPDniaS3fb1m'}
    INGEN spÃ¸rsmÃ¥l generert
  [223/253] Eleven skal 2 b. Videreutvikle sin kjÃ¸rekompetanse ...
    AI-feil: Error code: 400 - {'type': 'error', 'error': {'type': 'invalid_request_error', 'message': 'Your credit balance is too low to access the Anthropic API. Please go to Plans & Billing to upgrade or purchase credits.'}, 'request_id': 'req_011Cb1zzHg4q2u9bMMhbu75y'}
    INGEN spÃ¸rsmÃ¥l generert
  [224/253] Eleven skal 2 b. Videreutvikle sin kjÃ¸rekompetanse ...
    AI-feil: Error code: 400 - {'type': 'error', 'error': {'type': 'invalid_request_error', 'message': 'Your credit balance is too low to access the Anthropic API. Please go to Plans & Billing to upgrade or purchase credits.'}, 'request_id': 'req_011Cb1zzJfbaAQAhdX4xUwcT'}
    INGEN spÃ¸rsmÃ¥l generert
  [225/253] Eleven skal 2. videreutvikle sin kjÃ¸rekompetanse i ...
    AI-feil: Error code: 400 - {'type': 'error', 'error': {'type': 'invalid_request_error', 'message': 'Your credit balance is too low to access the Anthropic API. Please go to Plans & Billing to upgrade or purchase credits.'}, 'request_id': 'req_011Cb1zzKoouJUbdMWHT1EH3'}
    INGEN spÃ¸rsmÃ¥l generert
  [226/253] Fortsetter neste side Fra Ask til KlÃ¸fta Eleven sk ...
    AI-feil: Error code: 400 - {'type': 'error', 'error': {'type': 'invalid_request_error', 'message': 'Your credit balance is too low to access the Anthropic API. Please go to Plans & Billing to upgrade or purchase credits.'}, 'request_id': 'req_011Cb1zzLoLPxVhv1Qd5PLdE'}
    INGEN spÃ¸rsmÃ¥l generert
  [227/253] Fortsetter neste side Eleven skal 2 b. Videreutvik ...
    AI-feil: Error code: 400 - {'type': 'error', 'error': {'type': 'invalid_request_error', 'message': 'Your credit balance is too low to access the Anthropic API. Please go to Plans & Billing to upgrade or purchase credits.'}, 'request_id': 'req_011Cb1zzMktUS5uimmFH6Lq6'}
    INGEN spÃ¸rsmÃ¥l generert
  [228/253] Eleven skal 2 b. Videreutvikle sin kjÃ¸rekompetanse ...
    AI-feil: Error code: 400 - {'type': 'error', 'error': {'type': 'invalid_request_error', 'message': 'Your credit balance is too low to access the Anthropic API. Please go to Plans & Billing to upgrade or purchase credits.'}, 'request_id': 'req_011Cb1zzNkukMZaKkU7isyjh'}
    INGEN spÃ¸rsmÃ¥l generert
  [229/253] Eleven skal 2 b. Videreutvikle sin kjÃ¸rekompetanse ...
    AI-feil: Error code: 400 - {'type': 'error', 'error': {'type': 'invalid_request_error', 'message': 'Your credit balance is too low to access the Anthropic API. Please go to Plans & Billing to upgrade or purchase credits.'}, 'request_id': 'req_011Cb1zzPjSzztkEoQgvgN5H'}
    INGEN spÃ¸rsmÃ¥l generert
  [230/253] Eleven skal 2. videreutvikle sin kjÃ¸rekompetanse i ...
    AI-feil: Error code: 400 - {'type': 'error', 'error': {'type': 'invalid_request_error', 'message': 'Your credit balance is too low to access the Anthropic API. Please go to Plans & Billing to upgrade or purchase credits.'}, 'request_id': 'req_011Cb1zzQfFtbSpP23x4bWux'}
    INGEN spÃ¸rsmÃ¥l generert
  [231/253] Eleven skal ha utviklet vilje til Ã¥ ta ansvar, til ...
    AI-feil: Error code: 400 - {'type': 'error', 'error': {'type': 'invalid_request_error', 'message': 'Your credit balance is too low to access the Anthropic API. Please go to Plans & Billing to upgrade or purchase credits.'}, 'request_id': 'req_011Cb1zzRcZSARYtgntcwxPp'}
    INGEN spÃ¸rsmÃ¥l generert
  [232/253] Planlegging og kjÃ¸ring i variert trafikkmiljÃ¸ Elev ...
    AI-feil: Error code: 400 - {'type': 'error', 'error': {'type': 'invalid_request_error', 'message': 'Your credit balance is too low to access the Anthropic API. Please go to Plans & Billing to upgrade or purchase credits.'}, 'request_id': 'req_011Cb1zzSbbASff5ehueczMx'}
    INGEN spÃ¸rsmÃ¥l generert
  [233/253] 4.1.3 Planlegging og kjÃ¸ring i variert miljÃ¸  Aktu ...
    AI-feil: Error code: 400 - {'type': 'error', 'error': {'type': 'invalid_request_error', 'message': 'Your credit balance is too low to access the Anthropic API. Please go to Plans & Billing to upgrade or purchase credits.'}, 'request_id': 'req_011Cb1zzTX9jx1nWsezV6YFu'}
    INGEN spÃ¸rsmÃ¥l generert
  [234/253] Forventer at eleven er uthvilt, har tatt forhÃ¥ndsu ...
    AI-feil: Error code: 400 - {'type': 'error', 'error': {'type': 'invalid_request_error', 'message': 'Your credit balance is too low to access the Anthropic API. Please go to Plans & Billing to upgrade or purchase credits.'}, 'request_id': 'req_011Cb1zzUQEy3jKYJGQB8piL'}
    INGEN spÃ¸rsmÃ¥l generert
  [235/253] LÃ¦rer mÃ¥ vÃ¦re aktiv i det Ã¥ skape refleksjon over  ...
    AI-feil: Error code: 400 - {'type': 'error', 'error': {'type': 'invalid_request_error', 'message': 'Your credit balance is too low to access the Anthropic API. Please go to Plans & Billing to upgrade or purchase credits.'}, 'request_id': 'req_011Cb1zzVNmwnFtwUyqf3wYf'}
    INGEN spÃ¸rsmÃ¥l generert
  [236/253] Ut ifra mÃ¥lverbet velger vi metoder som: OppgavelÃ¸ ...
    AI-feil: Error code: 400 - {'type': 'error', 'error': {'type': 'invalid_request_error', 'message': 'Your credit balance is too low to access the Anthropic API. Please go to Plans & Billing to upgrade or purchase credits.'}, 'request_id': 'req_011Cb1zzWLZxzDts3ngdono3'}
    INGEN spÃ¸rsmÃ¥l generert
  [237/253] Sikkerhetskurs pÃ¥ veg, avsluttende kjÃ¸retur 4.1.3  ...
    AI-feil: Error code: 400 - {'type': 'error', 'error': {'type': 'invalid_request_error', 'message': 'Your credit balance is too low to access the Anthropic API. Please go to Plans & Billing to upgrade or purchase credits.'}, 'request_id': 'req_011Cb1zzXWm2fvkqBdazCf2k'}
    INGEN spÃ¸rsmÃ¥l generert
  [238/253] Sikkerhetskurs pÃ¥ veg, avsluttende kjÃ¸retur 4.1.3  ...
    AI-feil: Error code: 400 - {'type': 'error', 'error': {'type': 'invalid_request_error', 'message': 'Your credit balance is too low to access the Anthropic API. Please go to Plans & Billing to upgrade or purchase credits.'}, 'request_id': 'req_011Cb1zzZZnszinghzKeP6rq'}
    INGEN spÃ¸rsmÃ¥l generert
  [239/253] PÃ¥ bakgrunn av elevens egne handlings og vurdering ...
    AI-feil: Error code: 400 - {'type': 'error', 'error': {'type': 'invalid_request_error', 'message': 'Your credit balance is too low to access the Anthropic API. Please go to Plans & Billing to upgrade or purchase credits.'}, 'request_id': 'req_011Cb1zzaUrpRN6UzVzQygCK'}
    INGEN spÃ¸rsmÃ¥l generert
  [240/253] Refleksjon og oppsummering Eleven skal 4. reflekte ...
    AI-feil: Error code: 400 - {'type': 'error', 'error': {'type': 'invalid_request_error', 'message': 'Your credit balance is too low to access the Anthropic API. Please go to Plans & Billing to upgrade or purchase credits.'}, 'request_id': 'req_011Cb1zzbPRvynk27esw6VGZ'}
    INGEN spÃ¸rsmÃ¥l generert
  [241/253] 4.1.4 Refleksjon og oppsummering  Aktuelt innhold  ...
    AI-feil: Error code: 400 - {'type': 'error', 'error': {'type': 'invalid_request_error', 'message': 'Your credit balance is too low to access the Anthropic API. Please go to Plans & Billing to upgrade or purchase credits.'}, 'request_id': 'req_011Cb1zzcHWKChCPza8siuea'}
    INGEN spÃ¸rsmÃ¥l generert
  [242/253] Forventer at eleven har fÃ¸rt logg fra begge sikker ...
    AI-feil: Error code: 400 - {'type': 'error', 'error': {'type': 'invalid_request_error', 'message': 'Your credit balance is too low to access the Anthropic API. Please go to Plans & Billing to upgrade or purchase credits.'}, 'request_id': 'req_011Cb1zzdC5FcBFPRvvTZyh3'}
    INGEN spÃ¸rsmÃ¥l generert
  [243/253] LÃ¦rer mÃ¥ vÃ¦re aktiv i det Ã¥ skape refleksjon ved Ã¥ ...
    AI-feil: Error code: 400 - {'type': 'error', 'error': {'type': 'invalid_request_error', 'message': 'Your credit balance is too low to access the Anthropic API. Please go to Plans & Billing to upgrade or purchase credits.'}, 'request_id': 'req_011Cb1zzeBrVrocafyxz5TDT'}
    INGEN spÃ¸rsmÃ¥l generert
  [244/253] Problemorientert undervisning Gruppeoppgaver DrÃ¸ft ...
    AI-feil: Error code: 400 - {'type': 'error', 'error': {'type': 'invalid_request_error', 'message': 'Your credit balance is too low to access the Anthropic API. Please go to Plans & Billing to upgrade or purchase credits.'}, 'request_id': 'req_011Cb1zzfAe7djmXHSMQiE5c'}
    INGEN spÃ¸rsmÃ¥l generert
  [245/253] Refleksjonen foregÃ¥r som hovedregel i klasserom ve ...
    AI-feil: Error code: 400 - {'type': 'error', 'error': {'type': 'invalid_request_error', 'message': 'Your credit balance is too low to access the Anthropic API. Please go to Plans & Billing to upgrade or purchase credits.'}, 'request_id': 'req_011Cb1zzgLavc1GAXL4NiMX5'}
    INGEN spÃ¸rsmÃ¥l generert
  [246/253] PÃ¥ bakgrunn av logg og erfaringer skal elevene ta  ...
    AI-feil: Error code: 400 - {'type': 'error', 'error': {'type': 'invalid_request_error', 'message': 'Your credit balance is too low to access the Anthropic API. Please go to Plans & Billing to upgrade or purchase credits.'}, 'request_id': 'req_011Cb1zzhEAKuAU24B9o5YLZ'}
    INGEN spÃ¸rsmÃ¥l generert
  [247/253] 4.2 Tilstrekkelig Ã¸ving   Eleven skal i tillegg ti ...
    AI-feil: Error code: 400 - {'type': 'error', 'error': {'type': 'invalid_request_error', 'message': 'Your credit balance is too low to access the Anthropic API. Please go to Plans & Billing to upgrade or purchase credits.'}, 'request_id': 'req_011Cb1zziADk2rFHcKBeF6Sc'}
    INGEN spÃ¸rsmÃ¥l generert
  [248/253] (ingen tekst) ...
    HOPPET OVER (for kort tekst)
  [249/253] (ingen tekst) ...
    HOPPET OVER (for kort tekst)
  [250/253] (ingen tekst) ...
    HOPPET OVER (for kort tekst)
  [251/253] (ingen tekst) ...
    HOPPET OVER (for kort tekst)
  [252/253] (ingen tekst) ...
    HOPPET OVER (for kort tekst)
  [253/253] (ingen tekst) ...
    HOPPET OVER (for kort tekst)

============================================================
FERDIG!
Lagret:   164
Duplikat: 0
Feil:     282
Totalt i DB: 1740 sporsmal
